,team_1_original_total_points,team_1_owner,team_1_point_dif,team_1_total_points,team_1_trade_for_player_1,team_1_trade_for_player_2,team_2_original_total_points,team_2_owner,team_2_point_dif,team_2_total_points,team_2_trade_for_player_1,team_2_trade_for_player_2
0,1612.66875,1,31.45625,1644.125,"Player Name:Marcus Mariota, Position:QB, Bye:8.0","Player Name:A.J. Green, Position:WR, Bye:6.0",1378.925,2,-40.5375,1338.3875,"Player Name:Carson Wentz, Position:QB, Bye:10.0","Player Name:Brandin Cooks, Position:WR, Bye:9.0"
1,1612.66875,1,13.65625,1626.325,"Player Name:Marcus Mariota, Position:QB, Bye:8.0","Player Name:Dez Bryant, Position:WR, Bye:6.0",1378.925,2,-22.7375,1356.1875,"Player Name:Carson Wentz, Position:QB, Bye:10.0","Player Name:Brandin Cooks, Position:WR, Bye:9.0"
2,1612.66875,1,31.45625,1644.125,"Player Name:A.J. Green, Position:WR, Bye:6.0","Player Name:Marcus Mariota, Position:QB, Bye:8.0",1378.925,2,-40.5375,1338.3875,"Player Name:Carson Wentz, Position:QB, Bye:10.0","Player Name:Brandin Cooks, Position:WR, Bye:9.0"
3,1612.66875,1,24.40625,1637.075,"Player Name:A.J. Green, Position:WR, Bye:6.0","Player Name:Dez Bryant, Position:WR, Bye:6.0",1378.925,2,-67.35,1311.575,"Player Name:Carson Wentz, Position:QB, Bye:10.0","Player Name:Brandin Cooks, Position:WR, Bye:9.0"
4,1612.66875,1,13.65625,1626.325,"Player Name:Dez Bryant, Position:WR, Bye:6.0","Player Name:Marcus Mariota, Position:QB, Bye:8.0",1378.925,2,-22.7375,1356.1875,"Player Name:Carson Wentz, Position:QB, Bye:10.0","Player Name:Brandin Cooks, Position:WR, Bye:9.0"
5,1612.66875,1,24.40625,1637.075,"Player Name:Dez Bryant, Position:WR, Bye:6.0","Player Name:A.J. Green, Position:WR, Bye:6.0",1378.925,2,-67.35,1311.575,"Player Name:Carson Wentz, Position:QB, Bye:10.0","Player Name:Brandin Cooks, Position:WR, Bye:9.0"
6,1612.66875,1,7.55625,1620.225,"Player Name:Marcus Mariota, Position:QB, Bye:8.0","Player Name:A.J. Green, Position:WR, Bye:6.0",1378.925,2,-18.46875,1360.45625,"Player Name:Carson Wentz, Position:QB, Bye:10.0","Player Name:Michael Thomas, Position:WR, Bye:5.0"
7,1612.66875,1,-10.24375,1602.425,"Player Name:Marcus Mariota, Position:QB, Bye:8.0","Player Name:Dez Bryant, Position:WR, Bye:6.0",1378.925,2,-0.66875,1378.25625,"Player Name:Carson Wentz, Position:QB, Bye:10.0","Player Name:Michael Thomas, Position:WR, Bye:5.0"
8,1612.66875,1,7.55625,1620.225,"Player Name:A.J. Green, Position:WR, Bye:6.0","Player Name:Marcus Mariota, Position:QB, Bye:8.0",1378.925,2,-18.46875,1360.45625,"Player Name:Carson Wentz, Position:QB, Bye:10.0","Player Name:Michael Thomas, Position:WR, Bye:5.0"
9,1612.66875,1,4.125,1616.79375,"Player Name:A.J. Green, Position:WR, Bye:6.0","Player Name:Dez Bryant, Position:WR, Bye:6.0",1378.925,2,-49.14375,1329.78125,"Player Name:Carson Wentz, Position:QB, Bye:10.0","Player Name:Michael Thomas, Position:WR, Bye:5.0"
10,1612.66875,1,-10.24375,1602.425,"Player Name:Dez Bryant, Position:WR, Bye:6.0","Player Name:Marcus Mariota, Position:QB, Bye:8.0",1378.925,2,-0.66875,1378.25625,"Player Name:Carson Wentz, Position:QB, Bye:10.0","Player Name:Michael Thomas, Position:WR, Bye:5.0"
11,1612.66875,1,4.125,1616.79375,"Player Name:Dez Bryant, Position:WR, Bye:6.0","Player Name:A.J. Green, Position:WR, Bye:6.0",1378.925,2,-49.14375,1329.78125,"Player Name:Carson Wentz, Position:QB, Bye:10.0","Player Name:Michael Thomas, Position:WR, Bye:5.0"
12,1612.66875,1,31.45625,1644.125,"Player Name:Marcus Mariota, Position:QB, Bye:8.0","Player Name:A.J. Green, Position:WR, Bye:6.0",1378.925,2,-40.5375,1338.3875,"Player Name:Brandin Cooks, Position:WR, Bye:9.0","Player Name:Carson Wentz, Position:QB, Bye:10.0"
13,1612.66875,1,13.65625,1626.325,"Player Name:Marcus Mariota, Position:QB, Bye:8.0","Player Name:Dez Bryant, Position:WR, Bye:6.0",1378.925,2,-22.7375,1356.1875,"Player Name:Brandin Cooks, Position:WR, Bye:9.0","Player Name:Carson Wentz, Position:QB, Bye:10.0"
14,1612.66875,1,31.45625,1644.125,"Player Name:A.J. Green, Position:WR, Bye:6.0","Player Name:Marcus Mariota, Position:QB, Bye:8.0",1378.925,2,-40.5375,1338.3875,"Player Name:Brandin Cooks, Position:WR, Bye:9.0","Player Name:Carson Wentz, Position:QB, Bye:10.0"
15,1612.66875,1,24.40625,1637.075,"Player Name:A.J. Green, Position:WR, Bye:6.0","Player Name:Dez Bryant, Position:WR, Bye:6.0",1378.925,2,-67.35,1311.575,"Player Name:Brandin Cooks, Position:WR, Bye:9.0","Player Name:Carson Wentz, Position:QB, Bye:10.0"
16,1612.66875,1,13.65625,1626.325,"Player Name:Dez Bryant, Position:WR, Bye:6.0","Player Name:Marcus Mariota, Position:QB, Bye:8.0",1378.925,2,-22.7375,1356.1875,"Player Name:Brandin Cooks, Position:WR, Bye:9.0","Player Name:Carson Wentz, Position:QB, Bye:10.0"
17,1612.66875,1,24.40625,1637.075,"Player Name:Dez Bryant, Position:WR, Bye:6.0","Player Name:A.J. Green, Position:WR, Bye:6.0",1378.925,2,-67.35,1311.575,"Player Name:Brandin Cooks, Position:WR, Bye:9.0","Player Name:Carson Wentz, Position:QB, Bye:10.0"
18,1612.66875,1,-22.16875,1590.5,"Player Name:Marcus Mariota, Position:QB, Bye:8.0","Player Name:A.J. Green, Position:WR, Bye:6.0",1378.925,2,-12.81875,1366.10625,"Player Name:Brandin Cooks, Position:WR, Bye:9.0","Player Name:Michael Thomas, Position:WR, Bye:5.0"
19,1612.66875,1,-39.96875,1572.7,"Player Name:Marcus Mariota, Position:QB, Bye:8.0","Player Name:Dez Bryant, Position:WR, Bye:6.0",1378.925,2,4.98125,1383.90625,"Player Name:Brandin Cooks, Position:WR, Bye:9.0","Player Name:Michael Thomas, Position:WR, Bye:5.0"
20,1612.66875,1,-22.16875,1590.5,"Player Name:A.J. Green, Position:WR, Bye:6.0","Player Name:Marcus Mariota, Position:QB, Bye:8.0",1378.925,2,-12.81875,1366.10625,"Player Name:Brandin Cooks, Position:WR, Bye:9.0","Player Name:Michael Thomas, Position:WR, Bye:5.0"
21,1612.66875,1,8.7875,1621.45625,"Player Name:A.J. Green, Position:WR, Bye:6.0","Player Name:Dez Bryant, Position:WR, Bye:6.0",1378.925,2,-18.71875,1360.20625,"Player Name:Brandin Cooks, Position:WR, Bye:9.0","Player Name:Michael Thomas, Position:WR, Bye:5.0"
22,1612.66875,1,-39.96875,1572.7,"Player Name:Dez Bryant, Position:WR, Bye:6.0","Player Name:Marcus Mariota, Position:QB, Bye:8.0",1378.925,2,4.98125,1383.90625,"Player Name:Brandin Cooks, Position:WR, Bye:9.0","Player Name:Michael Thomas, Position:WR, Bye:5.0"
23,1612.66875,1,8.7875,1621.45625,"Player Name:Dez Bryant, Position:WR, Bye:6.0","Player Name:A.J. Green, Position:WR, Bye:6.0",1378.925,2,-18.71875,1360.20625,"Player Name:Brandin Cooks, Position:WR, Bye:9.0","Player Name:Michael Thomas, Position:WR, Bye:5.0"
24,1612.66875,1,7.55625,1620.225,"Player Name:Marcus Mariota, Position:QB, Bye:8.0","Player Name:A.J. Green, Position:WR, Bye:6.0",1378.925,2,-18.46875,1360.45625,"Player Name:Michael Thomas, Position:WR, Bye:5.0","Player Name:Carson Wentz, Position:QB, Bye:10.0"
25,1612.66875,1,-10.24375,1602.425,"Player Name:Marcus Mariota, Position:QB, Bye:8.0","Player Name:Dez Bryant, Position:WR, Bye:6.0",1378.925,2,-0.66875,1378.25625,"Player Name:Michael Thomas, Position:WR, Bye:5.0","Player Name:Carson Wentz, Position:QB, Bye:10.0"
26,1612.66875,1,7.55625,1620.225,"Player Name:A.J. Green, Position:WR, Bye:6.0","Player Name:Marcus Mariota, Position:QB, Bye:8.0",1378.925,2,-18.46875,1360.45625,"Player Name:Michael Thomas, Position:WR, Bye:5.0","Player Name:Carson Wentz, Position:QB, Bye:10.0"
27,1612.66875,1,4.125,1616.79375,"Player Name:A.J. Green, Position:WR, Bye:6.0","Player Name:Dez Bryant, Position:WR, Bye:6.0",1378.925,2,-49.14375,1329.78125,"Player Name:Michael Thomas, Position:WR, Bye:5.0","Player Name:Carson Wentz, Position:QB, Bye:10.0"
28,1612.66875,1,-10.24375,1602.425,"Player Name:Dez Bryant, Position:WR, Bye:6.0","Player Name:Marcus Mariota, Position:QB, Bye:8.0",1378.925,2,-0.66875,1378.25625,"Player Name:Michael Thomas, Position:WR, Bye:5.0","Player Name:Carson Wentz, Position:QB, Bye:10.0"
29,1612.66875,1,4.125,1616.79375,"Player Name:Dez Bryant, Position:WR, Bye:6.0","Player Name:A.J. Green, Position:WR, Bye:6.0",1378.925,2,-49.14375,1329.78125,"Player Name:Michael Thomas, Position:WR, Bye:5.0","Player Name:Carson Wentz, Position:QB, Bye:10.0"
30,1612.66875,1,-22.16875,1590.5,"Player Name:Marcus Mariota, Position:QB, Bye:8.0","Player Name:A.J. Green, Position:WR, Bye:6.0",1378.925,2,-12.81875,1366.10625,"Player Name:Michael Thomas, Position:WR, Bye:5.0","Player Name:Brandin Cooks, Position:WR, Bye:9.0"
31,1612.66875,1,-39.96875,1572.7,"Player Name:Marcus Mariota, Position:QB, Bye:8.0","Player Name:Dez Bryant, Position:WR, Bye:6.0",1378.925,2,4.98125,1383.90625,"Player Name:Michael Thomas, Position:WR, Bye:5.0","Player Name:Brandin Cooks, Position:WR, Bye:9.0"
32,1612.66875,1,-22.16875,1590.5,"Player Name:A.J. Green, Position:WR, Bye:6.0","Player Name:Marcus Mariota, Position:QB, Bye:8.0",1378.925,2,-12.81875,1366.10625,"Player Name:Michael Thomas, Position:WR, Bye:5.0","Player Name:Brandin Cooks, Position:WR, Bye:9.0"
33,1612.66875,1,8.7875,1621.45625,"Player Name:A.J. Green, Position:WR, Bye:6.0","Player Name:Dez Bryant, Position:WR, Bye:6.0",1378.925,2,-18.71875,1360.20625,"Player Name:Michael Thomas, Position:WR, Bye:5.0","Player Name:Brandin Cooks, Position:WR, Bye:9.0"
34,1612.66875,1,-39.96875,1572.7,"Player Name:Dez Bryant, Position:WR, Bye:6.0","Player Name:Marcus Mariota, Position:QB, Bye:8.0",1378.925,2,4.98125,1383.90625,"Player Name:Michael Thomas, Position:WR, Bye:5.0","Player Name:Brandin Cooks, Position:WR, Bye:9.0"
35,1612.66875,1,8.7875,1621.45625,"Player Name:Dez Bryant, Position:WR, Bye:6.0","Player Name:A.J. Green, Position:WR, Bye:6.0",1378.925,2,-18.71875,1360.20625,"Player Name:Michael Thomas, Position:WR, Bye:5.0","Player Name:Brandin Cooks, Position:WR, Bye:9.0"
36,1612.66875,1,-8.10625,1604.5625,"Player Name:Cam Newton, Position:QB, Bye:11.0","Player Name:Amari Cooper, Position:WR, Bye:10.0",1585.90625,3,-16.01875,1569.8875,"Player Name:Carson Wentz, Position:QB, Bye:10.0","Player Name:Brandin Cooks, Position:WR, Bye:9.0"
37,1612.66875,1,-29.51875,1583.15,"Player Name:Cam Newton, Position:QB, Bye:11.0","Player Name:Rishard Matthews, Position:WR, Bye:8.0",1585.90625,3,15.71875,1601.625,"Player Name:Carson Wentz, Position:QB, Bye:10.0","Player Name:Brandin Cooks, Position:WR, Bye:9.0"
38,1612.66875,1,-8.10625,1604.5625,"Player Name:Amari Cooper, Position:WR, Bye:10.0","Player Name:Cam Newton, Position:QB, Bye:11.0",1585.90625,3,-16.01875,1569.8875,"Player Name:Carson Wentz, Position:QB, Bye:10.0","Player Name:Brandin Cooks, Position:WR, Bye:9.0"
39,1612.66875,1,-3.15625,1609.5125,"Player Name:Amari Cooper, Position:WR, Bye:10.0","Player Name:Rishard Matthews, Position:WR, Bye:8.0",1585.90625,3,-13.1,1572.80625,"Player Name:Carson Wentz, Position:QB, Bye:10.0","Player Name:Brandin Cooks, Position:WR, Bye:9.0"
40,1612.66875,1,-29.51875,1583.15,"Player Name:Rishard Matthews, Position:WR, Bye:8.0","Player Name:Cam Newton, Position:QB, Bye:11.0",1585.90625,3,15.71875,1601.625,"Player Name:Carson Wentz, Position:QB, Bye:10.0","Player Name:Brandin Cooks, Position:WR, Bye:9.0"
41,1612.66875,1,-3.15625,1609.5125,"Player Name:Rishard Matthews, Position:WR, Bye:8.0","Player Name:Amari Cooper, Position:WR, Bye:10.0",1585.90625,3,-13.1,1572.80625,"Player Name:Carson Wentz, Position:QB, Bye:10.0","Player Name:Brandin Cooks, Position:WR, Bye:9.0"
42,1612.66875,1,-32.00625,1580.6625,"Player Name:Cam Newton, Position:QB, Bye:11.0","Player Name:Amari Cooper, Position:WR, Bye:10.0",1585.90625,3,7.7375,1593.64375,"Player Name:Carson Wentz, Position:QB, Bye:10.0","Player Name:Michael Thomas, Position:WR, Bye:5.0"
43,1612.66875,1,-53.41875,1559.25,"Player Name:Cam Newton, Position:QB, Bye:11.0","Player Name:Rishard Matthews, Position:WR, Bye:8.0",1585.90625,3,39.61875,1625.525,"Player Name:Carson Wentz, Position:QB, Bye:10.0","Player Name:Michael Thomas, Position:WR, Bye:5.0"
44,1612.66875,1,-32.00625,1580.6625,"Player Name:Amari Cooper, Position:WR, Bye:10.0","Player Name:Cam Newton, Position:QB, Bye:11.0",1585.90625,3,7.7375,1593.64375,"Player Name:Carson Wentz, Position:QB, Bye:10.0","Player Name:Michael Thomas, Position:WR, Bye:5.0"
45,1612.66875,1,-27.05625,1585.6125,"Player Name:Amari Cooper, Position:WR, Bye:10.0","Player Name:Rishard Matthews, Position:WR, Bye:8.0",1585.90625,3,10.65625,1596.5625,"Player Name:Carson Wentz, Position:QB, Bye:10.0","Player Name:Michael Thomas, Position:WR, Bye:5.0"
46,1612.66875,1,-53.41875,1559.25,"Player Name:Rishard Matthews, Position:WR, Bye:8.0","Player Name:Cam Newton, Position:QB, Bye:11.0",1585.90625,3,39.61875,1625.525,"Player Name:Carson Wentz, Position:QB, Bye:10.0","Player Name:Michael Thomas, Position:WR, Bye:5.0"
47,1612.66875,1,-27.05625,1585.6125,"Player Name:Rishard Matthews, Position:WR, Bye:8.0","Player Name:Amari Cooper, Position:WR, Bye:10.0",1585.90625,3,10.65625,1596.5625,"Player Name:Carson Wentz, Position:QB, Bye:10.0","Player Name:Michael Thomas, Position:WR, Bye:5.0"
48,1612.66875,1,-8.10625,1604.5625,"Player Name:Cam Newton, Position:QB, Bye:11.0","Player Name:Amari Cooper, Position:WR, Bye:10.0",1585.90625,3,-16.01875,1569.8875,"Player Name:Brandin Cooks, Position:WR, Bye:9.0","Player Name:Carson Wentz, Position:QB, Bye:10.0"
49,1612.66875,1,-29.51875,1583.15,"Player Name:Cam Newton, Position:QB, Bye:11.0","Player Name:Rishard Matthews, Position:WR, Bye:8.0",1585.90625,3,15.71875,1601.625,"Player Name:Brandin Cooks, Position:WR, Bye:9.0","Player Name:Carson Wentz, Position:QB, Bye:10.0"
50,1612.66875,1,-8.10625,1604.5625,"Player Name:Amari Cooper, Position:WR, Bye:10.0","Player Name:Cam Newton, Position:QB, Bye:11.0",1585.90625,3,-16.01875,1569.8875,"Player Name:Brandin Cooks, Position:WR, Bye:9.0","Player Name:Carson Wentz, Position:QB, Bye:10.0"
51,1612.66875,1,-3.15625,1609.5125,"Player Name:Amari Cooper, Position:WR, Bye:10.0","Player Name:Rishard Matthews, Position:WR, Bye:8.0",1585.90625,3,-13.1,1572.80625,"Player Name:Brandin Cooks, Position:WR, Bye:9.0","Player Name:Carson Wentz, Position:QB, Bye:10.0"
52,1612.66875,1,-29.51875,1583.15,"Player Name:Rishard Matthews, Position:WR, Bye:8.0","Player Name:Cam Newton, Position:QB, Bye:11.0",1585.90625,3,15.71875,1601.625,"Player Name:Brandin Cooks, Position:WR, Bye:9.0","Player Name:Carson Wentz, Position:QB, Bye:10.0"
53,1612.66875,1,-3.15625,1609.5125,"Player Name:Rishard Matthews, Position:WR, Bye:8.0","Player Name:Amari Cooper, Position:WR, Bye:10.0",1585.90625,3,-13.1,1572.80625,"Player Name:Brandin Cooks, Position:WR, Bye:9.0","Player Name:Carson Wentz, Position:QB, Bye:10.0"
54,1612.66875,1,-38.825,1573.84375,"Player Name:Cam Newton, Position:QB, Bye:11.0","Player Name:Amari Cooper, Position:WR, Bye:10.0",1585.90625,3,11.725,1597.63125,"Player Name:Brandin Cooks, Position:WR, Bye:9.0","Player Name:Michael Thomas, Position:WR, Bye:5.0"
55,1612.66875,1,-88.825,1523.84375,"Player Name:Cam Newton, Position:QB, Bye:11.0","Player Name:Rishard Matthews, Position:WR, Bye:8.0",1585.90625,3,27.675,1613.58125,"Player Name:Brandin Cooks, Position:WR, Bye:9.0","Player Name:Michael Thomas, Position:WR, Bye:5.0"
56,1612.66875,1,-38.825,1573.84375,"Player Name:Amari Cooper, Position:WR, Bye:10.0","Player Name:Cam Newton, Position:QB, Bye:11.0",1585.90625,3,11.725,1597.63125,"Player Name:Brandin Cooks, Position:WR, Bye:9.0","Player Name:Michael Thomas, Position:WR, Bye:5.0"
57,1612.66875,1,-33.875,1578.79375,"Player Name:Amari Cooper, Position:WR, Bye:10.0","Player Name:Rishard Matthews, Position:WR, Bye:8.0",1585.90625,3,29.4375,1615.34375,"Player Name:Brandin Cooks, Position:WR, Bye:9.0","Player Name:Michael Thomas, Position:WR, Bye:5.0"
58,1612.66875,1,-88.825,1523.84375,"Player Name:Rishard Matthews, Position:WR, Bye:8.0","Player Name:Cam Newton, Position:QB, Bye:11.0",1585.90625,3,27.675,1613.58125,"Player Name:Brandin Cooks, Position:WR, Bye:9.0","Player Name:Michael Thomas, Position:WR, Bye:5.0"
59,1612.66875,1,-33.875,1578.79375,"Player Name:Rishard Matthews, Position:WR, Bye:8.0","Player Name:Amari Cooper, Position:WR, Bye:10.0",1585.90625,3,29.4375,1615.34375,"Player Name:Brandin Cooks, Position:WR, Bye:9.0","Player Name:Michael Thomas, Position:WR, Bye:5.0"
60,1612.66875,1,-32.00625,1580.6625,"Player Name:Cam Newton, Position:QB, Bye:11.0","Player Name:Amari Cooper, Position:WR, Bye:10.0",1585.90625,3,7.7375,1593.64375,"Player Name:Michael Thomas, Position:WR, Bye:5.0","Player Name:Carson Wentz, Position:QB, Bye:10.0"
61,1612.66875,1,-53.41875,1559.25,"Player Name:Cam Newton, Position:QB, Bye:11.0","Player Name:Rishard Matthews, Position:WR, Bye:8.0",1585.90625,3,39.61875,1625.525,"Player Name:Michael Thomas, Position:WR, Bye:5.0","Player Name:Carson Wentz, Position:QB, Bye:10.0"
62,1612.66875,1,-32.00625,1580.6625,"Player Name:Amari Cooper, Position:WR, Bye:10.0","Player Name:Cam Newton, Position:QB, Bye:11.0",1585.90625,3,7.7375,1593.64375,"Player Name:Michael Thomas, Position:WR, Bye:5.0","Player Name:Carson Wentz, Position:QB, Bye:10.0"
63,1612.66875,1,-27.05625,1585.6125,"Player Name:Amari Cooper, Position:WR, Bye:10.0","Player Name:Rishard Matthews, Position:WR, Bye:8.0",1585.90625,3,10.65625,1596.5625,"Player Name:Michael Thomas, Position:WR, Bye:5.0","Player Name:Carson Wentz, Position:QB, Bye:10.0"
64,1612.66875,1,-53.41875,1559.25,"Player Name:Rishard Matthews, Position:WR, Bye:8.0","Player Name:Cam Newton, Position:QB, Bye:11.0",1585.90625,3,39.61875,1625.525,"Player Name:Michael Thomas, Position:WR, Bye:5.0","Player Name:Carson Wentz, Position:QB, Bye:10.0"
65,1612.66875,1,-27.05625,1585.6125,"Player Name:Rishard Matthews, Position:WR, Bye:8.0","Player Name:Amari Cooper, Position:WR, Bye:10.0",1585.90625,3,10.65625,1596.5625,"Player Name:Michael Thomas, Position:WR, Bye:5.0","Player Name:Carson Wentz, Position:QB, Bye:10.0"
66,1612.66875,1,-38.825,1573.84375,"Player Name:Cam Newton, Position:QB, Bye:11.0","Player Name:Amari Cooper, Position:WR, Bye:10.0",1585.90625,3,11.725,1597.63125,"Player Name:Michael Thomas, Position:WR, Bye:5.0","Player Name:Brandin Cooks, Position:WR, Bye:9.0"
67,1612.66875,1,-88.825,1523.84375,"Player Name:Cam Newton, Position:QB, Bye:11.0","Player Name:Rishard Matthews, Position:WR, Bye:8.0",1585.90625,3,27.675,1613.58125,"Player Name:Michael Thomas, Position:WR, Bye:5.0","Player Name:Brandin Cooks, Position:WR, Bye:9.0"
68,1612.66875,1,-38.825,1573.84375,"Player Name:Amari Cooper, Position:WR, Bye:10.0","Player Name:Cam Newton, Position:QB, Bye:11.0",1585.90625,3,11.725,1597.63125,"Player Name:Michael Thomas, Position:WR, Bye:5.0","Player Name:Brandin Cooks, Position:WR, Bye:9.0"
69,1612.66875,1,-33.875,1578.79375,"Player Name:Amari Cooper, Position:WR, Bye:10.0","Player Name:Rishard Matthews, Position:WR, Bye:8.0",1585.90625,3,29.4375,1615.34375,"Player Name:Michael Thomas, Position:WR, Bye:5.0","Player Name:Brandin Cooks, Position:WR, Bye:9.0"
70,1612.66875,1,-88.825,1523.84375,"Player Name:Rishard Matthews, Position:WR, Bye:8.0","Player Name:Cam Newton, Position:QB, Bye:11.0",1585.90625,3,27.675,1613.58125,"Player Name:Michael Thomas, Position:WR, Bye:5.0","Player Name:Brandin Cooks, Position:WR, Bye:9.0"
71,1612.66875,1,-33.875,1578.79375,"Player Name:Rishard Matthews, Position:WR, Bye:8.0","Player Name:Amari Cooper, Position:WR, Bye:10.0",1585.90625,3,29.4375,1615.34375,"Player Name:Michael Thomas, Position:WR, Bye:5.0","Player Name:Brandin Cooks, Position:WR, Bye:9.0"
72,1612.66875,1,104.2125,1716.88125,"Player Name:Tom Brady, Position:QB, Bye:9.0","Player Name:Antonio Brown, Position:WR, Bye:9.0",1535.79375,4,-119.86875,1415.925,"Player Name:Carson Wentz, Position:QB, Bye:10.0","Player Name:Brandin Cooks, Position:WR, Bye:9.0"
73,1612.66875,1,65.8125,1678.48125,"Player Name:Tom Brady, Position:QB, Bye:9.0","Player Name:T.Y. Hilton, Position:WR, Bye:11.0",1535.79375,4,-81.46875,1454.325,"Player Name:Carson Wentz, Position:QB, Bye:10.0","Player Name:Brandin Cooks, Position:WR, Bye:9.0"
74,1612.66875,1,104.2125,1716.88125,"Player Name:Antonio Brown, Position:WR, Bye:9.0","Player Name:Tom Brady, Position:QB, Bye:9.0",1535.79375,4,-119.86875,1415.925,"Player Name:Carson Wentz, Position:QB, Bye:10.0","Player Name:Brandin Cooks, Position:WR, Bye:9.0"
75,1612.66875,1,64.00625,1676.675,"Player Name:Antonio Brown, Position:WR, Bye:9.0","Player Name:T.Y. Hilton, Position:WR, Bye:11.0",1535.79375,4,-90.4625,1445.33125,"Player Name:Carson Wentz, Position:QB, Bye:10.0","Player Name:Brandin Cooks, Position:WR, Bye:9.0"
76,1612.66875,1,65.8125,1678.48125,"Player Name:T.Y. Hilton, Position:WR, Bye:11.0","Player Name:Tom Brady, Position:QB, Bye:9.0",1535.79375,4,-81.46875,1454.325,"Player Name:Carson Wentz, Position:QB, Bye:10.0","Player Name:Brandin Cooks, Position:WR, Bye:9.0"
77,1612.66875,1,64.00625,1676.675,"Player Name:T.Y. Hilton, Position:WR, Bye:11.0","Player Name:Antonio Brown, Position:WR, Bye:9.0",1535.79375,4,-90.4625,1445.33125,"Player Name:Carson Wentz, Position:QB, Bye:10.0","Player Name:Brandin Cooks, Position:WR, Bye:9.0"
78,1612.66875,1,72.2,1684.86875,"Player Name:Tom Brady, Position:QB, Bye:9.0","Player Name:Antonio Brown, Position:WR, Bye:9.0",1535.79375,4,-95.94375,1439.85,"Player Name:Carson Wentz, Position:QB, Bye:10.0","Player Name:Michael Thomas, Position:WR, Bye:5.0"
79,1612.66875,1,41.9125,1654.58125,"Player Name:Tom Brady, Position:QB, Bye:9.0","Player Name:T.Y. Hilton, Position:WR, Bye:11.0",1535.79375,4,-56.93125,1478.8625,"Player Name:Carson Wentz, Position:QB, Bye:10.0","Player Name:Michael Thomas, Position:WR, Bye:5.0"
80,1612.66875,1,72.2,1684.86875,"Player Name:Antonio Brown, Position:WR, Bye:9.0","Player Name:Tom Brady, Position:QB, Bye:9.0",1535.79375,4,-95.94375,1439.85,"Player Name:Carson Wentz, Position:QB, Bye:10.0","Player Name:Michael Thomas, Position:WR, Bye:5.0"
81,1612.66875,1,43.325,1655.99375,"Player Name:Antonio Brown, Position:WR, Bye:9.0","Player Name:T.Y. Hilton, Position:WR, Bye:11.0",1535.79375,4,-67.25,1468.54375,"Player Name:Carson Wentz, Position:QB, Bye:10.0","Player Name:Michael Thomas, Position:WR, Bye:5.0"
82,1612.66875,1,41.9125,1654.58125,"Player Name:T.Y. Hilton, Position:WR, Bye:11.0","Player Name:Tom Brady, Position:QB, Bye:9.0",1535.79375,4,-56.93125,1478.8625,"Player Name:Carson Wentz, Position:QB, Bye:10.0","Player Name:Michael Thomas, Position:WR, Bye:5.0"
83,1612.66875,1,43.325,1655.99375,"Player Name:T.Y. Hilton, Position:WR, Bye:11.0","Player Name:Antonio Brown, Position:WR, Bye:9.0",1535.79375,4,-67.25,1468.54375,"Player Name:Carson Wentz, Position:QB, Bye:10.0","Player Name:Michael Thomas, Position:WR, Bye:5.0"
84,1612.66875,1,104.2125,1716.88125,"Player Name:Tom Brady, Position:QB, Bye:9.0","Player Name:Antonio Brown, Position:WR, Bye:9.0",1535.79375,4,-119.86875,1415.925,"Player Name:Brandin Cooks, Position:WR, Bye:9.0","Player Name:Carson Wentz, Position:QB, Bye:10.0"
85,1612.66875,1,65.8125,1678.48125,"Player Name:Tom Brady, Position:QB, Bye:9.0","Player Name:T.Y. Hilton, Position:WR, Bye:11.0",1535.79375,4,-81.46875,1454.325,"Player Name:Brandin Cooks, Position:WR, Bye:9.0","Player Name:Carson Wentz, Position:QB, Bye:10.0"
86,1612.66875,1,104.2125,1716.88125,"Player Name:Antonio Brown, Position:WR, Bye:9.0","Player Name:Tom Brady, Position:QB, Bye:9.0",1535.79375,4,-119.86875,1415.925,"Player Name:Brandin Cooks, Position:WR, Bye:9.0","Player Name:Carson Wentz, Position:QB, Bye:10.0"
87,1612.66875,1,64.00625,1676.675,"Player Name:Antonio Brown, Position:WR, Bye:9.0","Player Name:T.Y. Hilton, Position:WR, Bye:11.0",1535.79375,4,-90.4625,1445.33125,"Player Name:Brandin Cooks, Position:WR, Bye:9.0","Player Name:Carson Wentz, Position:QB, Bye:10.0"
88,1612.66875,1,65.8125,1678.48125,"Player Name:T.Y. Hilton, Position:WR, Bye:11.0","Player Name:Tom Brady, Position:QB, Bye:9.0",1535.79375,4,-81.46875,1454.325,"Player Name:Brandin Cooks, Position:WR, Bye:9.0","Player Name:Carson Wentz, Position:QB, Bye:10.0"
89,1612.66875,1,64.00625,1676.675,"Player Name:T.Y. Hilton, Position:WR, Bye:11.0","Player Name:Antonio Brown, Position:WR, Bye:9.0",1535.79375,4,-90.4625,1445.33125,"Player Name:Brandin Cooks, Position:WR, Bye:9.0","Player Name:Carson Wentz, Position:QB, Bye:10.0"
90,1612.66875,1,50.5875,1663.25625,"Player Name:Tom Brady, Position:QB, Bye:9.0","Player Name:Antonio Brown, Position:WR, Bye:9.0",1535.79375,4,-105.6625,1430.13125,"Player Name:Brandin Cooks, Position:WR, Bye:9.0","Player Name:Michael Thomas, Position:WR, Bye:5.0"
91,1612.66875,1,12.1875,1624.85625,"Player Name:Tom Brady, Position:QB, Bye:9.0","Player Name:T.Y. Hilton, Position:WR, Bye:11.0",1535.79375,4,-67.2625,1468.53125,"Player Name:Brandin Cooks, Position:WR, Bye:9.0","Player Name:Michael Thomas, Position:WR, Bye:5.0"
92,1612.66875,1,50.5875,1663.25625,"Player Name:Antonio Brown, Position:WR, Bye:9.0","Player Name:Tom Brady, Position:QB, Bye:9.0",1535.79375,4,-105.6625,1430.13125,"Player Name:Brandin Cooks, Position:WR, Bye:9.0","Player Name:Michael Thomas, Position:WR, Bye:5.0"
93,1612.66875,1,56.1,1668.76875,"Player Name:Antonio Brown, Position:WR, Bye:9.0","Player Name:T.Y. Hilton, Position:WR, Bye:11.0",1535.79375,4,-55.4625,1480.33125,"Player Name:Brandin Cooks, Position:WR, Bye:9.0","Player Name:Michael Thomas, Position:WR, Bye:5.0"
94,1612.66875,1,12.1875,1624.85625,"Player Name:T.Y. Hilton, Position:WR, Bye:11.0","Player Name:Tom Brady, Position:QB, Bye:9.0",1535.79375,4,-67.2625,1468.53125,"Player Name:Brandin Cooks, Position:WR, Bye:9.0","Player Name:Michael Thomas, Position:WR, Bye:5.0"
95,1612.66875,1,56.1,1668.76875,"Player Name:T.Y. Hilton, Position:WR, Bye:11.0","Player Name:Antonio Brown, Position:WR, Bye:9.0",1535.79375,4,-55.4625,1480.33125,"Player Name:Brandin Cooks, Position:WR, Bye:9.0","Player Name:Michael Thomas, Position:WR, Bye:5.0"
96,1612.66875,1,72.2,1684.86875,"Player Name:Tom Brady, Position:QB, Bye:9.0","Player Name:Antonio Brown, Position:WR, Bye:9.0",1535.79375,4,-95.94375,1439.85,"Player Name:Michael Thomas, Position:WR, Bye:5.0","Player Name:Carson Wentz, Position:QB, Bye:10.0"
97,1612.66875,1,41.9125,1654.58125,"Player Name:Tom Brady, Position:QB, Bye:9.0","Player Name:T.Y. Hilton, Position:WR, Bye:11.0",1535.79375,4,-56.93125,1478.8625,"Player Name:Michael Thomas, Position:WR, Bye:5.0","Player Name:Carson Wentz, Position:QB, Bye:10.0"
98,1612.66875,1,72.2,1684.86875,"Player Name:Antonio Brown, Position:WR, Bye:9.0","Player Name:Tom Brady, Position:QB, Bye:9.0",1535.79375,4,-95.94375,1439.85,"Player Name:Michael Thomas, Position:WR, Bye:5.0","Player Name:Carson Wentz, Position:QB, Bye:10.0"
99,1612.66875,1,43.325,1655.99375,"Player Name:Antonio Brown, Position:WR, Bye:9.0","Player Name:T.Y. Hilton, Position:WR, Bye:11.0",1535.79375,4,-67.25,1468.54375,"Player Name:Michael Thomas, Position:WR, Bye:5.0","Player Name:Carson Wentz, Position:QB, Bye:10.0"
100,1612.66875,1,41.9125,1654.58125,"Player Name:T.Y. Hilton, Position:WR, Bye:11.0","Player Name:Tom Brady, Position:QB, Bye:9.0",1535.79375,4,-56.93125,1478.8625,"Player Name:Michael Thomas, Position:WR, Bye:5.0","Player Name:Carson Wentz, Position:QB, Bye:10.0"
101,1612.66875,1,43.325,1655.99375,"Player Name:T.Y. Hilton, Position:WR, Bye:11.0","Player Name:Antonio Brown, Position:WR, Bye:9.0",1535.79375,4,-67.25,1468.54375,"Player Name:Michael Thomas, Position:WR, Bye:5.0","Player Name:Carson Wentz, Position:QB, Bye:10.0"
102,1612.66875,1,50.5875,1663.25625,"Player Name:Tom Brady, Position:QB, Bye:9.0","Player Name:Antonio Brown, Position:WR, Bye:9.0",1535.79375,4,-105.6625,1430.13125,"Player Name:Michael Thomas, Position:WR, Bye:5.0","Player Name:Brandin Cooks, Position:WR, Bye:9.0"
103,1612.66875,1,12.1875,1624.85625,"Player Name:Tom Brady, Position:QB, Bye:9.0","Player Name:T.Y. Hilton, Position:WR, Bye:11.0",1535.79375,4,-67.2625,1468.53125,"Player Name:Michael Thomas, Position:WR, Bye:5.0","Player Name:Brandin Cooks, Position:WR, Bye:9.0"
104,1612.66875,1,50.5875,1663.25625,"Player Name:Antonio Brown, Position:WR, Bye:9.0","Player Name:Tom Brady, Position:QB, Bye:9.0",1535.79375,4,-105.6625,1430.13125,"Player Name:Michael Thomas, Position:WR, Bye:5.0","Player Name:Brandin Cooks, Position:WR, Bye:9.0"
105,1612.66875,1,56.1,1668.76875,"Player Name:Antonio Brown, Position:WR, Bye:9.0","Player Name:T.Y. Hilton, Position:WR, Bye:11.0",1535.79375,4,-55.4625,1480.33125,"Player Name:Michael Thomas, Position:WR, Bye:5.0","Player Name:Brandin Cooks, Position:WR, Bye:9.0"
106,1612.66875,1,12.1875,1624.85625,"Player Name:T.Y. Hilton, Position:WR, Bye:11.0","Player Name:Tom Brady, Position:QB, Bye:9.0",1535.79375,4,-67.2625,1468.53125,"Player Name:Michael Thomas, Position:WR, Bye:5.0","Player Name:Brandin Cooks, Position:WR, Bye:9.0"
107,1612.66875,1,56.1,1668.76875,"Player Name:T.Y. Hilton, Position:WR, Bye:11.0","Player Name:Antonio Brown, Position:WR, Bye:9.0",1535.79375,4,-55.4625,1480.33125,"Player Name:Michael Thomas, Position:WR, Bye:5.0","Player Name:Brandin Cooks, Position:WR, Bye:9.0"
108,1612.66875,1,107.4125,1720.08125,"Player Name:Aaron Rodgers, Position:QB, Bye:8.0","Player Name:Jordy Nelson, Position:WR, Bye:8.0",1538.05,5,-150.00625,1388.04375,"Player Name:Carson Wentz, Position:QB, Bye:10.0","Player Name:Brandin Cooks, Position:WR, Bye:9.0"
109,1612.66875,1,51.6,1664.26875,"Player Name:Aaron Rodgers, Position:QB, Bye:8.0","Player Name:Keenan Allen, Position:WR, Bye:9.0",1538.05,5,-99.60625,1438.44375,"Player Name:Carson Wentz, Position:QB, Bye:10.0","Player Name:Brandin Cooks, Position:WR, Bye:9.0"
110,1612.66875,1,107.4125,1720.08125,"Player Name:Jordy Nelson, Position:WR, Bye:8.0","Player Name:Aaron Rodgers, Position:QB, Bye:8.0",1538.05,5,-150.00625,1388.04375,"Player Name:Carson Wentz, Position:QB, Bye:10.0","Player Name:Brandin Cooks, Position:WR, Bye:9.0"
111,1612.66875,1,26.80625,1639.475,"Player Name:Jordy Nelson, Position:WR, Bye:8.0","Player Name:Keenan Allen, Position:WR, Bye:9.0",1538.05,5,-27.7625,1510.2875,"Player Name:Carson Wentz, Position:QB, Bye:10.0","Player Name:Brandin Cooks, Position:WR, Bye:9.0"
112,1612.66875,1,51.6,1664.26875,"Player Name:Keenan Allen, Position:WR, Bye:9.0","Player Name:Aaron Rodgers, Position:QB, Bye:8.0",1538.05,5,-99.60625,1438.44375,"Player Name:Carson Wentz, Position:QB, Bye:10.0","Player Name:Brandin Cooks, Position:WR, Bye:9.0"
113,1612.66875,1,26.80625,1639.475,"Player Name:Keenan Allen, Position:WR, Bye:9.0","Player Name:Jordy Nelson, Position:WR, Bye:8.0",1538.05,5,-27.7625,1510.2875,"Player Name:Carson Wentz, Position:QB, Bye:10.0","Player Name:Brandin Cooks, Position:WR, Bye:9.0"
114,1612.66875,1,83.5125,1696.18125,"Player Name:Aaron Rodgers, Position:QB, Bye:8.0","Player Name:Jordy Nelson, Position:WR, Bye:8.0",1538.05,5,-125.7,1412.35,"Player Name:Carson Wentz, Position:QB, Bye:10.0","Player Name:Michael Thomas, Position:WR, Bye:5.0"
115,1612.66875,1,19.94375,1632.6125,"Player Name:Aaron Rodgers, Position:QB, Bye:8.0","Player Name:Keenan Allen, Position:WR, Bye:9.0",1538.05,5,-74.6,1463.45,"Player Name:Carson Wentz, Position:QB, Bye:10.0","Player Name:Michael Thomas, Position:WR, Bye:5.0"
116,1612.66875,1,83.5125,1696.18125,"Player Name:Jordy Nelson, Position:WR, Bye:8.0","Player Name:Aaron Rodgers, Position:QB, Bye:8.0",1538.05,5,-125.7,1412.35,"Player Name:Carson Wentz, Position:QB, Bye:10.0","Player Name:Michael Thomas, Position:WR, Bye:5.0"
117,1612.66875,1,2.90625,1615.575,"Player Name:Jordy Nelson, Position:WR, Bye:8.0","Player Name:Keenan Allen, Position:WR, Bye:9.0",1538.05,5,-3.73125,1534.31875,"Player Name:Carson Wentz, Position:QB, Bye:10.0","Player Name:Michael Thomas, Position:WR, Bye:5.0"
118,1612.66875,1,19.94375,1632.6125,"Player Name:Keenan Allen, Position:WR, Bye:9.0","Player Name:Aaron Rodgers, Position:QB, Bye:8.0",1538.05,5,-74.6,1463.45,"Player Name:Carson Wentz, Position:QB, Bye:10.0","Player Name:Michael Thomas, Position:WR, Bye:5.0"
119,1612.66875,1,2.90625,1615.575,"Player Name:Keenan Allen, Position:WR, Bye:9.0","Player Name:Jordy Nelson, Position:WR, Bye:8.0",1538.05,5,-3.73125,1534.31875,"Player Name:Carson Wentz, Position:QB, Bye:10.0","Player Name:Michael Thomas, Position:WR, Bye:5.0"
120,1612.66875,1,107.4125,1720.08125,"Player Name:Aaron Rodgers, Position:QB, Bye:8.0","Player Name:Jordy Nelson, Position:WR, Bye:8.0",1538.05,5,-150.00625,1388.04375,"Player Name:Brandin Cooks, Position:WR, Bye:9.0","Player Name:Carson Wentz, Position:QB, Bye:10.0"
121,1612.66875,1,51.6,1664.26875,"Player Name:Aaron Rodgers, Position:QB, Bye:8.0","Player Name:Keenan Allen, Position:WR, Bye:9.0",1538.05,5,-99.60625,1438.44375,"Player Name:Brandin Cooks, Position:WR, Bye:9.0","Player Name:Carson Wentz, Position:QB, Bye:10.0"
122,1612.66875,1,107.4125,1720.08125,"Player Name:Jordy Nelson, Position:WR, Bye:8.0","Player Name:Aaron Rodgers, Position:QB, Bye:8.0",1538.05,5,-150.00625,1388.04375,"Player Name:Brandin Cooks, Position:WR, Bye:9.0","Player Name:Carson Wentz, Position:QB, Bye:10.0"
123,1612.66875,1,26.80625,1639.475,"Player Name:Jordy Nelson, Position:WR, Bye:8.0","Player Name:Keenan Allen, Position:WR, Bye:9.0",1538.05,5,-27.7625,1510.2875,"Player Name:Brandin Cooks, Position:WR, Bye:9.0","Player Name:Carson Wentz, Position:QB, Bye:10.0"
124,1612.66875,1,51.6,1664.26875,"Player Name:Keenan Allen, Position:WR, Bye:9.0","Player Name:Aaron Rodgers, Position:QB, Bye:8.0",1538.05,5,-99.60625,1438.44375,"Player Name:Brandin Cooks, Position:WR, Bye:9.0","Player Name:Carson Wentz, Position:QB, Bye:10.0"
125,1612.66875,1,26.80625,1639.475,"Player Name:Keenan Allen, Position:WR, Bye:9.0","Player Name:Jordy Nelson, Position:WR, Bye:8.0",1538.05,5,-27.7625,1510.2875,"Player Name:Brandin Cooks, Position:WR, Bye:9.0","Player Name:Carson Wentz, Position:QB, Bye:10.0"
126,1612.66875,1,53.7875,1666.45625,"Player Name:Aaron Rodgers, Position:QB, Bye:8.0","Player Name:Jordy Nelson, Position:WR, Bye:8.0",1538.05,5,-354.00625,1184.04375,"Player Name:Brandin Cooks, Position:WR, Bye:9.0","Player Name:Michael Thomas, Position:WR, Bye:5.0"
127,1612.66875,1,-7.0125,1605.65625,"Player Name:Aaron Rodgers, Position:QB, Bye:8.0","Player Name:Keenan Allen, Position:WR, Bye:9.0",1538.05,5,-310.19375,1227.85625,"Player Name:Brandin Cooks, Position:WR, Bye:9.0","Player Name:Michael Thomas, Position:WR, Bye:5.0"
128,1612.66875,1,53.7875,1666.45625,"Player Name:Jordy Nelson, Position:WR, Bye:8.0","Player Name:Aaron Rodgers, Position:QB, Bye:8.0",1538.05,5,-354.00625,1184.04375,"Player Name:Brandin Cooks, Position:WR, Bye:9.0","Player Name:Michael Thomas, Position:WR, Bye:5.0"
129,1612.66875,1,3.4875,1616.15625,"Player Name:Jordy Nelson, Position:WR, Bye:8.0","Player Name:Keenan Allen, Position:WR, Bye:9.0",1538.05,5,-9.30625,1528.74375,"Player Name:Brandin Cooks, Position:WR, Bye:9.0","Player Name:Michael Thomas, Position:WR, Bye:5.0"
130,1612.66875,1,-7.0125,1605.65625,"Player Name:Keenan Allen, Position:WR, Bye:9.0","Player Name:Aaron Rodgers, Position:QB, Bye:8.0",1538.05,5,-310.19375,1227.85625,"Player Name:Brandin Cooks, Position:WR, Bye:9.0","Player Name:Michael Thomas, Position:WR, Bye:5.0"
131,1612.66875,1,3.4875,1616.15625,"Player Name:Keenan Allen, Position:WR, Bye:9.0","Player Name:Jordy Nelson, Position:WR, Bye:8.0",1538.05,5,-9.30625,1528.74375,"Player Name:Brandin Cooks, Position:WR, Bye:9.0","Player Name:Michael Thomas, Position:WR, Bye:5.0"
132,1612.66875,1,83.5125,1696.18125,"Player Name:Aaron Rodgers, Position:QB, Bye:8.0","Player Name:Jordy Nelson, Position:WR, Bye:8.0",1538.05,5,-125.7,1412.35,"Player Name:Michael Thomas, Position:WR, Bye:5.0","Player Name:Carson Wentz, Position:QB, Bye:10.0"
133,1612.66875,1,19.94375,1632.6125,"Player Name:Aaron Rodgers, Position:QB, Bye:8.0","Player Name:Keenan Allen, Position:WR, Bye:9.0",1538.05,5,-74.6,1463.45,"Player Name:Michael Thomas, Position:WR, Bye:5.0","Player Name:Carson Wentz, Position:QB, Bye:10.0"
134,1612.66875,1,83.5125,1696.18125,"Player Name:Jordy Nelson, Position:WR, Bye:8.0","Player Name:Aaron Rodgers, Position:QB, Bye:8.0",1538.05,5,-125.7,1412.35,"Player Name:Michael Thomas, Position:WR, Bye:5.0","Player Name:Carson Wentz, Position:QB, Bye:10.0"
135,1612.66875,1,2.90625,1615.575,"Player Name:Jordy Nelson, Position:WR, Bye:8.0","Player Name:Keenan Allen, Position:WR, Bye:9.0",1538.05,5,-3.73125,1534.31875,"Player Name:Michael Thomas, Position:WR, Bye:5.0","Player Name:Carson Wentz, Position:QB, Bye:10.0"
136,1612.66875,1,19.94375,1632.6125,"Player Name:Keenan Allen, Position:WR, Bye:9.0","Player Name:Aaron Rodgers, Position:QB, Bye:8.0",1538.05,5,-74.6,1463.45,"Player Name:Michael Thomas, Position:WR, Bye:5.0","Player Name:Carson Wentz, Position:QB, Bye:10.0"
137,1612.66875,1,2.90625,1615.575,"Player Name:Keenan Allen, Position:WR, Bye:9.0","Player Name:Jordy Nelson, Position:WR, Bye:8.0",1538.05,5,-3.73125,1534.31875,"Player Name:Michael Thomas, Position:WR, Bye:5.0","Player Name:Carson Wentz, Position:QB, Bye:10.0"
138,1612.66875,1,53.7875,1666.45625,"Player Name:Aaron Rodgers, Position:QB, Bye:8.0","Player Name:Jordy Nelson, Position:WR, Bye:8.0",1538.05,5,-354.00625,1184.04375,"Player Name:Michael Thomas, Position:WR, Bye:5.0","Player Name:Brandin Cooks, Position:WR, Bye:9.0"
139,1612.66875,1,-7.0125,1605.65625,"Player Name:Aaron Rodgers, Position:QB, Bye:8.0","Player Name:Keenan Allen, Position:WR, Bye:9.0",1538.05,5,-310.19375,1227.85625,"Player Name:Michael Thomas, Position:WR, Bye:5.0","Player Name:Brandin Cooks, Position:WR, Bye:9.0"
140,1612.66875,1,53.7875,1666.45625,"Player Name:Jordy Nelson, Position:WR, Bye:8.0","Player Name:Aaron Rodgers, Position:QB, Bye:8.0",1538.05,5,-354.00625,1184.04375,"Player Name:Michael Thomas, Position:WR, Bye:5.0","Player Name:Brandin Cooks, Position:WR, Bye:9.0"
141,1612.66875,1,3.4875,1616.15625,"Player Name:Jordy Nelson, Position:WR, Bye:8.0","Player Name:Keenan Allen, Position:WR, Bye:9.0",1538.05,5,-9.30625,1528.74375,"Player Name:Michael Thomas, Position:WR, Bye:5.0","Player Name:Brandin Cooks, Position:WR, Bye:9.0"
142,1612.66875,1,-7.0125,1605.65625,"Player Name:Keenan Allen, Position:WR, Bye:9.0","Player Name:Aaron Rodgers, Position:QB, Bye:8.0",1538.05,5,-310.19375,1227.85625,"Player Name:Michael Thomas, Position:WR, Bye:5.0","Player Name:Brandin Cooks, Position:WR, Bye:9.0"
143,1612.66875,1,3.4875,1616.15625,"Player Name:Keenan Allen, Position:WR, Bye:9.0","Player Name:Jordy Nelson, Position:WR, Bye:8.0",1538.05,5,-9.30625,1528.74375,"Player Name:Michael Thomas, Position:WR, Bye:5.0","Player Name:Brandin Cooks, Position:WR, Bye:9.0"
144,1612.66875,1,-10.16875,1602.5,"Player Name:Kirk Cousins, Position:QB, Bye:5.0","Player Name:Demaryius Thomas, Position:WR, Bye:5.0",1415.0125,6,-2.86875,1412.14375,"Player Name:Carson Wentz, Position:QB, Bye:10.0","Player Name:Brandin Cooks, Position:WR, Bye:9.0"
145,1612.66875,1,50.54375,1663.2125,"Player Name:Kirk Cousins, Position:QB, Bye:5.0","Player Name:Odell Beckham Jr., Position:WR, Bye:8.0",1415.0125,6,-56.075,1358.9375,"Player Name:Carson Wentz, Position:QB, Bye:10.0","Player Name:Brandin Cooks, Position:WR, Bye:9.0"
146,1612.66875,1,-10.16875,1602.5,"Player Name:Demaryius Thomas, Position:WR, Bye:5.0","Player Name:Kirk Cousins, Position:QB, Bye:5.0",1415.0125,6,-2.86875,1412.14375,"Player Name:Carson Wentz, Position:QB, Bye:10.0","Player Name:Brandin Cooks, Position:WR, Bye:9.0"
147,1612.66875,1,34.48125,1647.15,"Player Name:Demaryius Thomas, Position:WR, Bye:5.0","Player Name:Odell Beckham Jr., Position:WR, Bye:8.0",1415.0125,6,-85.6125,1329.4,"Player Name:Carson Wentz, Position:QB, Bye:10.0","Player Name:Brandin Cooks, Position:WR, Bye:9.0"
148,1612.66875,1,50.54375,1663.2125,"Player Name:Odell Beckham Jr., Position:WR, Bye:8.0","Player Name:Kirk Cousins, Position:QB, Bye:5.0",1415.0125,6,-56.075,1358.9375,"Player Name:Carson Wentz, Position:QB, Bye:10.0","Player Name:Brandin Cooks, Position:WR, Bye:9.0"
149,1612.66875,1,34.48125,1647.15,"Player Name:Odell Beckham Jr., Position:WR, Bye:8.0","Player Name:Demaryius Thomas, Position:WR, Bye:5.0",1415.0125,6,-85.6125,1329.4,"Player Name:Carson Wentz, Position:QB, Bye:10.0","Player Name:Brandin Cooks, Position:WR, Bye:9.0"
150,1612.66875,1,-25.95625,1586.7125,"Player Name:Kirk Cousins, Position:QB, Bye:5.0","Player Name:Demaryius Thomas, Position:WR, Bye:5.0",1415.0125,6,20.425,1435.4375,"Player Name:Carson Wentz, Position:QB, Bye:10.0","Player Name:Michael Thomas, Position:WR, Bye:5.0"
151,1612.66875,1,26.64375,1639.3125,"Player Name:Kirk Cousins, Position:QB, Bye:5.0","Player Name:Odell Beckham Jr., Position:WR, Bye:8.0",1415.0125,6,-33.18125,1381.83125,"Player Name:Carson Wentz, Position:QB, Bye:10.0","Player Name:Michael Thomas, Position:WR, Bye:5.0"
152,1612.66875,1,-25.95625,1586.7125,"Player Name:Demaryius Thomas, Position:WR, Bye:5.0","Player Name:Kirk Cousins, Position:QB, Bye:5.0",1415.0125,6,20.425,1435.4375,"Player Name:Carson Wentz, Position:QB, Bye:10.0","Player Name:Michael Thomas, Position:WR, Bye:5.0"
153,1612.66875,1,10.98125,1623.65,"Player Name:Demaryius Thomas, Position:WR, Bye:5.0","Player Name:Odell Beckham Jr., Position:WR, Bye:8.0",1415.0125,6,-62.1125,1352.9,"Player Name:Carson Wentz, Position:QB, Bye:10.0","Player Name:Michael Thomas, Position:WR, Bye:5.0"
154,1612.66875,1,26.64375,1639.3125,"Player Name:Odell Beckham Jr., Position:WR, Bye:8.0","Player Name:Kirk Cousins, Position:QB, Bye:5.0",1415.0125,6,-33.18125,1381.83125,"Player Name:Carson Wentz, Position:QB, Bye:10.0","Player Name:Michael Thomas, Position:WR, Bye:5.0"
155,1612.66875,1,10.98125,1623.65,"Player Name:Odell Beckham Jr., Position:WR, Bye:8.0","Player Name:Demaryius Thomas, Position:WR, Bye:5.0",1415.0125,6,-62.1125,1352.9,"Player Name:Carson Wentz, Position:QB, Bye:10.0","Player Name:Michael Thomas, Position:WR, Bye:5.0"
156,1612.66875,1,-10.16875,1602.5,"Player Name:Kirk Cousins, Position:QB, Bye:5.0","Player Name:Demaryius Thomas, Position:WR, Bye:5.0",1415.0125,6,-2.86875,1412.14375,"Player Name:Brandin Cooks, Position:WR, Bye:9.0","Player Name:Carson Wentz, Position:QB, Bye:10.0"
157,1612.66875,1,50.54375,1663.2125,"Player Name:Kirk Cousins, Position:QB, Bye:5.0","Player Name:Odell Beckham Jr., Position:WR, Bye:8.0",1415.0125,6,-56.075,1358.9375,"Player Name:Brandin Cooks, Position:WR, Bye:9.0","Player Name:Carson Wentz, Position:QB, Bye:10.0"
158,1612.66875,1,-10.16875,1602.5,"Player Name:Demaryius Thomas, Position:WR, Bye:5.0","Player Name:Kirk Cousins, Position:QB, Bye:5.0",1415.0125,6,-2.86875,1412.14375,"Player Name:Brandin Cooks, Position:WR, Bye:9.0","Player Name:Carson Wentz, Position:QB, Bye:10.0"
159,1612.66875,1,34.48125,1647.15,"Player Name:Demaryius Thomas, Position:WR, Bye:5.0","Player Name:Odell Beckham Jr., Position:WR, Bye:8.0",1415.0125,6,-85.6125,1329.4,"Player Name:Brandin Cooks, Position:WR, Bye:9.0","Player Name:Carson Wentz, Position:QB, Bye:10.0"
160,1612.66875,1,50.54375,1663.2125,"Player Name:Odell Beckham Jr., Position:WR, Bye:8.0","Player Name:Kirk Cousins, Position:QB, Bye:5.0",1415.0125,6,-56.075,1358.9375,"Player Name:Brandin Cooks, Position:WR, Bye:9.0","Player Name:Carson Wentz, Position:QB, Bye:10.0"
161,1612.66875,1,34.48125,1647.15,"Player Name:Odell Beckham Jr., Position:WR, Bye:8.0","Player Name:Demaryius Thomas, Position:WR, Bye:5.0",1415.0125,6,-85.6125,1329.4,"Player Name:Brandin Cooks, Position:WR, Bye:9.0","Player Name:Carson Wentz, Position:QB, Bye:10.0"
162,1612.66875,1,-55.68125,1556.9875,"Player Name:Kirk Cousins, Position:QB, Bye:5.0","Player Name:Demaryius Thomas, Position:WR, Bye:5.0",1415.0125,6,40.1875,1455.2,"Player Name:Brandin Cooks, Position:WR, Bye:9.0","Player Name:Michael Thomas, Position:WR, Bye:5.0"
163,1612.66875,1,-3.08125,1609.5875,"Player Name:Kirk Cousins, Position:QB, Bye:5.0","Player Name:Odell Beckham Jr., Position:WR, Bye:8.0",1415.0125,6,-13.5,1401.5125,"Player Name:Brandin Cooks, Position:WR, Bye:9.0","Player Name:Michael Thomas, Position:WR, Bye:5.0"
164,1612.66875,1,-55.68125,1556.9875,"Player Name:Demaryius Thomas, Position:WR, Bye:5.0","Player Name:Kirk Cousins, Position:QB, Bye:5.0",1415.0125,6,40.1875,1455.2,"Player Name:Brandin Cooks, Position:WR, Bye:9.0","Player Name:Michael Thomas, Position:WR, Bye:5.0"
165,1612.66875,1,20.5,1633.16875,"Player Name:Demaryius Thomas, Position:WR, Bye:5.0","Player Name:Odell Beckham Jr., Position:WR, Bye:8.0",1415.0125,6,-20.5,1394.5125,"Player Name:Brandin Cooks, Position:WR, Bye:9.0","Player Name:Michael Thomas, Position:WR, Bye:5.0"
166,1612.66875,1,-3.08125,1609.5875,"Player Name:Odell Beckham Jr., Position:WR, Bye:8.0","Player Name:Kirk Cousins, Position:QB, Bye:5.0",1415.0125,6,-13.5,1401.5125,"Player Name:Brandin Cooks, Position:WR, Bye:9.0","Player Name:Michael Thomas, Position:WR, Bye:5.0"
167,1612.66875,1,20.5,1633.16875,"Player Name:Odell Beckham Jr., Position:WR, Bye:8.0","Player Name:Demaryius Thomas, Position:WR, Bye:5.0",1415.0125,6,-20.5,1394.5125,"Player Name:Brandin Cooks, Position:WR, Bye:9.0","Player Name:Michael Thomas, Position:WR, Bye:5.0"
168,1612.66875,1,-25.95625,1586.7125,"Player Name:Kirk Cousins, Position:QB, Bye:5.0","Player Name:Demaryius Thomas, Position:WR, Bye:5.0",1415.0125,6,20.425,1435.4375,"Player Name:Michael Thomas, Position:WR, Bye:5.0","Player Name:Carson Wentz, Position:QB, Bye:10.0"
169,1612.66875,1,26.64375,1639.3125,"Player Name:Kirk Cousins, Position:QB, Bye:5.0","Player Name:Odell Beckham Jr., Position:WR, Bye:8.0",1415.0125,6,-33.18125,1381.83125,"Player Name:Michael Thomas, Position:WR, Bye:5.0","Player Name:Carson Wentz, Position:QB, Bye:10.0"
170,1612.66875,1,-25.95625,1586.7125,"Player Name:Demaryius Thomas, Position:WR, Bye:5.0","Player Name:Kirk Cousins, Position:QB, Bye:5.0",1415.0125,6,20.425,1435.4375,"Player Name:Michael Thomas, Position:WR, Bye:5.0","Player Name:Carson Wentz, Position:QB, Bye:10.0"
171,1612.66875,1,10.98125,1623.65,"Player Name:Demaryius Thomas, Position:WR, Bye:5.0","Player Name:Odell Beckham Jr., Position:WR, Bye:8.0",1415.0125,6,-62.1125,1352.9,"Player Name:Michael Thomas, Position:WR, Bye:5.0","Player Name:Carson Wentz, Position:QB, Bye:10.0"
172,1612.66875,1,26.64375,1639.3125,"Player Name:Odell Beckham Jr., Position:WR, Bye:8.0","Player Name:Kirk Cousins, Position:QB, Bye:5.0",1415.0125,6,-33.18125,1381.83125,"Player Name:Michael Thomas, Position:WR, Bye:5.0","Player Name:Carson Wentz, Position:QB, Bye:10.0"
173,1612.66875,1,10.98125,1623.65,"Player Name:Odell Beckham Jr., Position:WR, Bye:8.0","Player Name:Demaryius Thomas, Position:WR, Bye:5.0",1415.0125,6,-62.1125,1352.9,"Player Name:Michael Thomas, Position:WR, Bye:5.0","Player Name:Carson Wentz, Position:QB, Bye:10.0"
174,1612.66875,1,-55.68125,1556.9875,"Player Name:Kirk Cousins, Position:QB, Bye:5.0","Player Name:Demaryius Thomas, Position:WR, Bye:5.0",1415.0125,6,40.1875,1455.2,"Player Name:Michael Thomas, Position:WR, Bye:5.0","Player Name:Brandin Cooks, Position:WR, Bye:9.0"
175,1612.66875,1,-3.08125,1609.5875,"Player Name:Kirk Cousins, Position:QB, Bye:5.0","Player Name:Odell Beckham Jr., Position:WR, Bye:8.0",1415.0125,6,-13.5,1401.5125,"Player Name:Michael Thomas, Position:WR, Bye:5.0","Player Name:Brandin Cooks, Position:WR, Bye:9.0"
176,1612.66875,1,-55.68125,1556.9875,"Player Name:Demaryius Thomas, Position:WR, Bye:5.0","Player Name:Kirk Cousins, Position:QB, Bye:5.0",1415.0125,6,40.1875,1455.2,"Player Name:Michael Thomas, Position:WR, Bye:5.0","Player Name:Brandin Cooks, Position:WR, Bye:9.0"
177,1612.66875,1,20.5,1633.16875,"Player Name:Demaryius Thomas, Position:WR, Bye:5.0","Player Name:Odell Beckham Jr., Position:WR, Bye:8.0",1415.0125,6,-20.5,1394.5125,"Player Name:Michael Thomas, Position:WR, Bye:5.0","Player Name:Brandin Cooks, Position:WR, Bye:9.0"
178,1612.66875,1,-3.08125,1609.5875,"Player Name:Odell Beckham Jr., Position:WR, Bye:8.0","Player Name:Kirk Cousins, Position:QB, Bye:5.0",1415.0125,6,-13.5,1401.5125,"Player Name:Michael Thomas, Position:WR, Bye:5.0","Player Name:Brandin Cooks, Position:WR, Bye:9.0"
179,1612.66875,1,20.5,1633.16875,"Player Name:Odell Beckham Jr., Position:WR, Bye:8.0","Player Name:Demaryius Thomas, Position:WR, Bye:5.0",1415.0125,6,-20.5,1394.5125,"Player Name:Michael Thomas, Position:WR, Bye:5.0","Player Name:Brandin Cooks, Position:WR, Bye:9.0"
180,1612.66875,1,15.4,1628.06875,"Player Name:Matt Ryan, Position:QB, Bye:5.0","Player Name:Michael Crabtree, Position:WR, Bye:10.0",1543.125,7,-65.7,1477.425,"Player Name:Carson Wentz, Position:QB, Bye:10.0","Player Name:Brandin Cooks, Position:WR, Bye:9.0"
181,1612.66875,1,13.6125,1626.28125,"Player Name:Matt Ryan, Position:QB, Bye:5.0","Player Name:Davante Adams, Position:WR, Bye:8.0",1543.125,7,-57.99375,1485.13125,"Player Name:Carson Wentz, Position:QB, Bye:10.0","Player Name:Brandin Cooks, Position:WR, Bye:9.0"
182,1612.66875,1,15.4,1628.06875,"Player Name:Michael Crabtree, Position:WR, Bye:10.0","Player Name:Matt Ryan, Position:QB, Bye:5.0",1543.125,7,-65.7,1477.425,"Player Name:Carson Wentz, Position:QB, Bye:10.0","Player Name:Brandin Cooks, Position:WR, Bye:9.0"
183,1612.66875,1,-16.48125,1596.1875,"Player Name:Michael Crabtree, Position:WR, Bye:10.0","Player Name:Davante Adams, Position:WR, Bye:8.0",1543.125,7,-7.9125,1535.2125,"Player Name:Carson Wentz, Position:QB, Bye:10.0","Player Name:Brandin Cooks, Position:WR, Bye:9.0"
184,1612.66875,1,13.6125,1626.28125,"Player Name:Davante Adams, Position:WR, Bye:8.0","Player Name:Matt Ryan, Position:QB, Bye:5.0",1543.125,7,-57.99375,1485.13125,"Player Name:Carson Wentz, Position:QB, Bye:10.0","Player Name:Brandin Cooks, Position:WR, Bye:9.0"
185,1612.66875,1,-16.48125,1596.1875,"Player Name:Davante Adams, Position:WR, Bye:8.0","Player Name:Michael Crabtree, Position:WR, Bye:10.0",1543.125,7,-7.9125,1535.2125,"Player Name:Carson Wentz, Position:QB, Bye:10.0","Player Name:Brandin Cooks, Position:WR, Bye:9.0"
186,1612.66875,1,-8.5,1604.16875,"Player Name:Matt Ryan, Position:QB, Bye:5.0","Player Name:Michael Crabtree, Position:WR, Bye:10.0",1543.125,7,-41.8,1501.325,"Player Name:Carson Wentz, Position:QB, Bye:10.0","Player Name:Michael Thomas, Position:WR, Bye:5.0"
187,1612.66875,1,-10.2875,1602.38125,"Player Name:Matt Ryan, Position:QB, Bye:5.0","Player Name:Davante Adams, Position:WR, Bye:8.0",1543.125,7,-34.09375,1509.03125,"Player Name:Carson Wentz, Position:QB, Bye:10.0","Player Name:Michael Thomas, Position:WR, Bye:5.0"
188,1612.66875,1,-8.5,1604.16875,"Player Name:Michael Crabtree, Position:WR, Bye:10.0","Player Name:Matt Ryan, Position:QB, Bye:5.0",1543.125,7,-41.8,1501.325,"Player Name:Carson Wentz, Position:QB, Bye:10.0","Player Name:Michael Thomas, Position:WR, Bye:5.0"
189,1612.66875,1,-40.38125,1572.2875,"Player Name:Michael Crabtree, Position:WR, Bye:10.0","Player Name:Davante Adams, Position:WR, Bye:8.0",1543.125,7,15.9875,1559.1125,"Player Name:Carson Wentz, Position:QB, Bye:10.0","Player Name:Michael Thomas, Position:WR, Bye:5.0"
190,1612.66875,1,-10.2875,1602.38125,"Player Name:Davante Adams, Position:WR, Bye:8.0","Player Name:Matt Ryan, Position:QB, Bye:5.0",1543.125,7,-34.09375,1509.03125,"Player Name:Carson Wentz, Position:QB, Bye:10.0","Player Name:Michael Thomas, Position:WR, Bye:5.0"
191,1612.66875,1,-40.38125,1572.2875,"Player Name:Davante Adams, Position:WR, Bye:8.0","Player Name:Michael Crabtree, Position:WR, Bye:10.0",1543.125,7,15.9875,1559.1125,"Player Name:Carson Wentz, Position:QB, Bye:10.0","Player Name:Michael Thomas, Position:WR, Bye:5.0"
192,1612.66875,1,15.4,1628.06875,"Player Name:Matt Ryan, Position:QB, Bye:5.0","Player Name:Michael Crabtree, Position:WR, Bye:10.0",1543.125,7,-65.7,1477.425,"Player Name:Brandin Cooks, Position:WR, Bye:9.0","Player Name:Carson Wentz, Position:QB, Bye:10.0"
193,1612.66875,1,13.6125,1626.28125,"Player Name:Matt Ryan, Position:QB, Bye:5.0","Player Name:Davante Adams, Position:WR, Bye:8.0",1543.125,7,-57.99375,1485.13125,"Player Name:Brandin Cooks, Position:WR, Bye:9.0","Player Name:Carson Wentz, Position:QB, Bye:10.0"
194,1612.66875,1,15.4,1628.06875,"Player Name:Michael Crabtree, Position:WR, Bye:10.0","Player Name:Matt Ryan, Position:QB, Bye:5.0",1543.125,7,-65.7,1477.425,"Player Name:Brandin Cooks, Position:WR, Bye:9.0","Player Name:Carson Wentz, Position:QB, Bye:10.0"
195,1612.66875,1,-16.48125,1596.1875,"Player Name:Michael Crabtree, Position:WR, Bye:10.0","Player Name:Davante Adams, Position:WR, Bye:8.0",1543.125,7,-7.9125,1535.2125,"Player Name:Brandin Cooks, Position:WR, Bye:9.0","Player Name:Carson Wentz, Position:QB, Bye:10.0"
196,1612.66875,1,13.6125,1626.28125,"Player Name:Davante Adams, Position:WR, Bye:8.0","Player Name:Matt Ryan, Position:QB, Bye:5.0",1543.125,7,-57.99375,1485.13125,"Player Name:Brandin Cooks, Position:WR, Bye:9.0","Player Name:Carson Wentz, Position:QB, Bye:10.0"
197,1612.66875,1,-16.48125,1596.1875,"Player Name:Davante Adams, Position:WR, Bye:8.0","Player Name:Michael Crabtree, Position:WR, Bye:10.0",1543.125,7,-7.9125,1535.2125,"Player Name:Brandin Cooks, Position:WR, Bye:9.0","Player Name:Carson Wentz, Position:QB, Bye:10.0"
198,1612.66875,1,-30.1125,1582.55625,"Player Name:Matt Ryan, Position:QB, Bye:5.0","Player Name:Michael Crabtree, Position:WR, Bye:10.0",1543.125,7,-49.59375,1493.53125,"Player Name:Brandin Cooks, Position:WR, Bye:9.0","Player Name:Michael Thomas, Position:WR, Bye:5.0"
199,1612.66875,1,-40.0125,1572.65625,"Player Name:Matt Ryan, Position:QB, Bye:5.0","Player Name:Davante Adams, Position:WR, Bye:8.0",1543.125,7,-48.075,1495.05,"Player Name:Brandin Cooks, Position:WR, Bye:9.0","Player Name:Michael Thomas, Position:WR, Bye:5.0"
200,1612.66875,1,-30.1125,1582.55625,"Player Name:Michael Crabtree, Position:WR, Bye:10.0","Player Name:Matt Ryan, Position:QB, Bye:5.0",1543.125,7,-49.59375,1493.53125,"Player Name:Brandin Cooks, Position:WR, Bye:9.0","Player Name:Michael Thomas, Position:WR, Bye:5.0"
201,1612.66875,1,-45.7125,1566.95625,"Player Name:Michael Crabtree, Position:WR, Bye:10.0","Player Name:Davante Adams, Position:WR, Bye:8.0",1543.125,7,35.40625,1578.53125,"Player Name:Brandin Cooks, Position:WR, Bye:9.0","Player Name:Michael Thomas, Position:WR, Bye:5.0"
202,1612.66875,1,-40.0125,1572.65625,"Player Name:Davante Adams, Position:WR, Bye:8.0","Player Name:Matt Ryan, Position:QB, Bye:5.0",1543.125,7,-48.075,1495.05,"Player Name:Brandin Cooks, Position:WR, Bye:9.0","Player Name:Michael Thomas, Position:WR, Bye:5.0"
203,1612.66875,1,-45.7125,1566.95625,"Player Name:Davante Adams, Position:WR, Bye:8.0","Player Name:Michael Crabtree, Position:WR, Bye:10.0",1543.125,7,35.40625,1578.53125,"Player Name:Brandin Cooks, Position:WR, Bye:9.0","Player Name:Michael Thomas, Position:WR, Bye:5.0"
204,1612.66875,1,-8.5,1604.16875,"Player Name:Matt Ryan, Position:QB, Bye:5.0","Player Name:Michael Crabtree, Position:WR, Bye:10.0",1543.125,7,-41.8,1501.325,"Player Name:Michael Thomas, Position:WR, Bye:5.0","Player Name:Carson Wentz, Position:QB, Bye:10.0"
205,1612.66875,1,-10.2875,1602.38125,"Player Name:Matt Ryan, Position:QB, Bye:5.0","Player Name:Davante Adams, Position:WR, Bye:8.0",1543.125,7,-34.09375,1509.03125,"Player Name:Michael Thomas, Position:WR, Bye:5.0","Player Name:Carson Wentz, Position:QB, Bye:10.0"
206,1612.66875,1,-8.5,1604.16875,"Player Name:Michael Crabtree, Position:WR, Bye:10.0","Player Name:Matt Ryan, Position:QB, Bye:5.0",1543.125,7,-41.8,1501.325,"Player Name:Michael Thomas, Position:WR, Bye:5.0","Player Name:Carson Wentz, Position:QB, Bye:10.0"
207,1612.66875,1,-40.38125,1572.2875,"Player Name:Michael Crabtree, Position:WR, Bye:10.0","Player Name:Davante Adams, Position:WR, Bye:8.0",1543.125,7,15.9875,1559.1125,"Player Name:Michael Thomas, Position:WR, Bye:5.0","Player Name:Carson Wentz, Position:QB, Bye:10.0"
208,1612.66875,1,-10.2875,1602.38125,"Player Name:Davante Adams, Position:WR, Bye:8.0","Player Name:Matt Ryan, Position:QB, Bye:5.0",1543.125,7,-34.09375,1509.03125,"Player Name:Michael Thomas, Position:WR, Bye:5.0","Player Name:Carson Wentz, Position:QB, Bye:10.0"
209,1612.66875,1,-40.38125,1572.2875,"Player Name:Davante Adams, Position:WR, Bye:8.0","Player Name:Michael Crabtree, Position:WR, Bye:10.0",1543.125,7,15.9875,1559.1125,"Player Name:Michael Thomas, Position:WR, Bye:5.0","Player Name:Carson Wentz, Position:QB, Bye:10.0"
210,1612.66875,1,-30.1125,1582.55625,"Player Name:Matt Ryan, Position:QB, Bye:5.0","Player Name:Michael Crabtree, Position:WR, Bye:10.0",1543.125,7,-49.59375,1493.53125,"Player Name:Michael Thomas, Position:WR, Bye:5.0","Player Name:Brandin Cooks, Position:WR, Bye:9.0"
211,1612.66875,1,-40.0125,1572.65625,"Player Name:Matt Ryan, Position:QB, Bye:5.0","Player Name:Davante Adams, Position:WR, Bye:8.0",1543.125,7,-48.075,1495.05,"Player Name:Michael Thomas, Position:WR, Bye:5.0","Player Name:Brandin Cooks, Position:WR, Bye:9.0"
212,1612.66875,1,-30.1125,1582.55625,"Player Name:Michael Crabtree, Position:WR, Bye:10.0","Player Name:Matt Ryan, Position:QB, Bye:5.0",1543.125,7,-49.59375,1493.53125,"Player Name:Michael Thomas, Position:WR, Bye:5.0","Player Name:Brandin Cooks, Position:WR, Bye:9.0"
213,1612.66875,1,-45.7125,1566.95625,"Player Name:Michael Crabtree, Position:WR, Bye:10.0","Player Name:Davante Adams, Position:WR, Bye:8.0",1543.125,7,35.40625,1578.53125,"Player Name:Michael Thomas, Position:WR, Bye:5.0","Player Name:Brandin Cooks, Position:WR, Bye:9.0"
214,1612.66875,1,-40.0125,1572.65625,"Player Name:Davante Adams, Position:WR, Bye:8.0","Player Name:Matt Ryan, Position:QB, Bye:5.0",1543.125,7,-48.075,1495.05,"Player Name:Michael Thomas, Position:WR, Bye:5.0","Player Name:Brandin Cooks, Position:WR, Bye:9.0"
215,1612.66875,1,-45.7125,1566.95625,"Player Name:Davante Adams, Position:WR, Bye:8.0","Player Name:Michael Crabtree, Position:WR, Bye:10.0",1543.125,7,35.40625,1578.53125,"Player Name:Michael Thomas, Position:WR, Bye:5.0","Player Name:Brandin Cooks, Position:WR, Bye:9.0"
216,1612.66875,1,-3.9,1608.76875,"Player Name:Russell Wilson, Position:QB, Bye:6.0","Player Name:Terrelle Pryor, Position:WR, Bye:5.0",1585.5,8,-43.0625,1542.4375,"Player Name:Carson Wentz, Position:QB, Bye:10.0","Player Name:Brandin Cooks, Position:WR, Bye:9.0"
217,1612.66875,1,5.0125,1617.68125,"Player Name:Russell Wilson, Position:QB, Bye:6.0","Player Name:Golden Tate, Position:WR, Bye:7.0",1585.5,8,-43.8625,1541.6375,"Player Name:Carson Wentz, Position:QB, Bye:10.0","Player Name:Brandin Cooks, Position:WR, Bye:9.0"
218,1612.66875,1,-3.9,1608.76875,"Player Name:Terrelle Pryor, Position:WR, Bye:5.0","Player Name:Russell Wilson, Position:QB, Bye:6.0",1585.5,8,-43.0625,1542.4375,"Player Name:Carson Wentz, Position:QB, Bye:10.0","Player Name:Brandin Cooks, Position:WR, Bye:9.0"
219,1612.66875,1,-24.51875,1588.15,"Player Name:Terrelle Pryor, Position:WR, Bye:5.0","Player Name:Golden Tate, Position:WR, Bye:7.0",1585.5,8,-1.80625,1583.69375,"Player Name:Carson Wentz, Position:QB, Bye:10.0","Player Name:Brandin Cooks, Position:WR, Bye:9.0"
220,1612.66875,1,5.0125,1617.68125,"Player Name:Golden Tate, Position:WR, Bye:7.0","Player Name:Russell Wilson, Position:QB, Bye:6.0",1585.5,8,-43.8625,1541.6375,"Player Name:Carson Wentz, Position:QB, Bye:10.0","Player Name:Brandin Cooks, Position:WR, Bye:9.0"
221,1612.66875,1,-24.51875,1588.15,"Player Name:Golden Tate, Position:WR, Bye:7.0","Player Name:Terrelle Pryor, Position:WR, Bye:5.0",1585.5,8,-1.80625,1583.69375,"Player Name:Carson Wentz, Position:QB, Bye:10.0","Player Name:Brandin Cooks, Position:WR, Bye:9.0"
222,1612.66875,1,-19.6875,1592.98125,"Player Name:Russell Wilson, Position:QB, Bye:6.0","Player Name:Terrelle Pryor, Position:WR, Bye:5.0",1585.5,8,-18.2625,1567.2375,"Player Name:Carson Wentz, Position:QB, Bye:10.0","Player Name:Michael Thomas, Position:WR, Bye:5.0"
223,1612.66875,1,-18.8875,1593.78125,"Player Name:Russell Wilson, Position:QB, Bye:6.0","Player Name:Golden Tate, Position:WR, Bye:7.0",1585.5,8,-19.9625,1565.5375,"Player Name:Carson Wentz, Position:QB, Bye:10.0","Player Name:Michael Thomas, Position:WR, Bye:5.0"
224,1612.66875,1,-19.6875,1592.98125,"Player Name:Terrelle Pryor, Position:WR, Bye:5.0","Player Name:Russell Wilson, Position:QB, Bye:6.0",1585.5,8,-18.2625,1567.2375,"Player Name:Carson Wentz, Position:QB, Bye:10.0","Player Name:Michael Thomas, Position:WR, Bye:5.0"
225,1612.66875,1,-48.24375,1564.425,"Player Name:Terrelle Pryor, Position:WR, Bye:5.0","Player Name:Golden Tate, Position:WR, Bye:7.0",1585.5,8,23.98125,1609.48125,"Player Name:Carson Wentz, Position:QB, Bye:10.0","Player Name:Michael Thomas, Position:WR, Bye:5.0"
226,1612.66875,1,-18.8875,1593.78125,"Player Name:Golden Tate, Position:WR, Bye:7.0","Player Name:Russell Wilson, Position:QB, Bye:6.0",1585.5,8,-19.9625,1565.5375,"Player Name:Carson Wentz, Position:QB, Bye:10.0","Player Name:Michael Thomas, Position:WR, Bye:5.0"
227,1612.66875,1,-48.24375,1564.425,"Player Name:Golden Tate, Position:WR, Bye:7.0","Player Name:Terrelle Pryor, Position:WR, Bye:5.0",1585.5,8,23.98125,1609.48125,"Player Name:Carson Wentz, Position:QB, Bye:10.0","Player Name:Michael Thomas, Position:WR, Bye:5.0"
228,1612.66875,1,-3.9,1608.76875,"Player Name:Russell Wilson, Position:QB, Bye:6.0","Player Name:Terrelle Pryor, Position:WR, Bye:5.0",1585.5,8,-43.0625,1542.4375,"Player Name:Brandin Cooks, Position:WR, Bye:9.0","Player Name:Carson Wentz, Position:QB, Bye:10.0"
229,1612.66875,1,5.0125,1617.68125,"Player Name:Russell Wilson, Position:QB, Bye:6.0","Player Name:Golden Tate, Position:WR, Bye:7.0",1585.5,8,-43.8625,1541.6375,"Player Name:Brandin Cooks, Position:WR, Bye:9.0","Player Name:Carson Wentz, Position:QB, Bye:10.0"
230,1612.66875,1,-3.9,1608.76875,"Player Name:Terrelle Pryor, Position:WR, Bye:5.0","Player Name:Russell Wilson, Position:QB, Bye:6.0",1585.5,8,-43.0625,1542.4375,"Player Name:Brandin Cooks, Position:WR, Bye:9.0","Player Name:Carson Wentz, Position:QB, Bye:10.0"
231,1612.66875,1,-24.51875,1588.15,"Player Name:Terrelle Pryor, Position:WR, Bye:5.0","Player Name:Golden Tate, Position:WR, Bye:7.0",1585.5,8,-1.80625,1583.69375,"Player Name:Brandin Cooks, Position:WR, Bye:9.0","Player Name:Carson Wentz, Position:QB, Bye:10.0"
232,1612.66875,1,5.0125,1617.68125,"Player Name:Golden Tate, Position:WR, Bye:7.0","Player Name:Russell Wilson, Position:QB, Bye:6.0",1585.5,8,-43.8625,1541.6375,"Player Name:Brandin Cooks, Position:WR, Bye:9.0","Player Name:Carson Wentz, Position:QB, Bye:10.0"
233,1612.66875,1,-24.51875,1588.15,"Player Name:Golden Tate, Position:WR, Bye:7.0","Player Name:Terrelle Pryor, Position:WR, Bye:5.0",1585.5,8,-1.80625,1583.69375,"Player Name:Brandin Cooks, Position:WR, Bye:9.0","Player Name:Carson Wentz, Position:QB, Bye:10.0"
234,1612.66875,1,-49.4125,1563.25625,"Player Name:Russell Wilson, Position:QB, Bye:6.0","Player Name:Terrelle Pryor, Position:WR, Bye:5.0",1585.5,8,-6.7375,1578.7625,"Player Name:Brandin Cooks, Position:WR, Bye:9.0","Player Name:Michael Thomas, Position:WR, Bye:5.0"
235,1612.66875,1,-48.6125,1564.05625,"Player Name:Russell Wilson, Position:QB, Bye:6.0","Player Name:Golden Tate, Position:WR, Bye:7.0",1585.5,8,-7.29375,1578.20625,"Player Name:Brandin Cooks, Position:WR, Bye:9.0","Player Name:Michael Thomas, Position:WR, Bye:5.0"
236,1612.66875,1,-49.4125,1563.25625,"Player Name:Terrelle Pryor, Position:WR, Bye:5.0","Player Name:Russell Wilson, Position:QB, Bye:6.0",1585.5,8,-6.7375,1578.7625,"Player Name:Brandin Cooks, Position:WR, Bye:9.0","Player Name:Michael Thomas, Position:WR, Bye:5.0"
237,1612.66875,1,-44.5,1568.16875,"Player Name:Terrelle Pryor, Position:WR, Bye:5.0","Player Name:Golden Tate, Position:WR, Bye:7.0",1585.5,8,43.6,1629.1,"Player Name:Brandin Cooks, Position:WR, Bye:9.0","Player Name:Michael Thomas, Position:WR, Bye:5.0"
238,1612.66875,1,-48.6125,1564.05625,"Player Name:Golden Tate, Position:WR, Bye:7.0","Player Name:Russell Wilson, Position:QB, Bye:6.0",1585.5,8,-7.29375,1578.20625,"Player Name:Brandin Cooks, Position:WR, Bye:9.0","Player Name:Michael Thomas, Position:WR, Bye:5.0"
239,1612.66875,1,-44.5,1568.16875,"Player Name:Golden Tate, Position:WR, Bye:7.0","Player Name:Terrelle Pryor, Position:WR, Bye:5.0",1585.5,8,43.6,1629.1,"Player Name:Brandin Cooks, Position:WR, Bye:9.0","Player Name:Michael Thomas, Position:WR, Bye:5.0"
240,1612.66875,1,-19.6875,1592.98125,"Player Name:Russell Wilson, Position:QB, Bye:6.0","Player Name:Terrelle Pryor, Position:WR, Bye:5.0",1585.5,8,-18.2625,1567.2375,"Player Name:Michael Thomas, Position:WR, Bye:5.0","Player Name:Carson Wentz, Position:QB, Bye:10.0"
241,1612.66875,1,-18.8875,1593.78125,"Player Name:Russell Wilson, Position:QB, Bye:6.0","Player Name:Golden Tate, Position:WR, Bye:7.0",1585.5,8,-19.9625,1565.5375,"Player Name:Michael Thomas, Position:WR, Bye:5.0","Player Name:Carson Wentz, Position:QB, Bye:10.0"
242,1612.66875,1,-19.6875,1592.98125,"Player Name:Terrelle Pryor, Position:WR, Bye:5.0","Player Name:Russell Wilson, Position:QB, Bye:6.0",1585.5,8,-18.2625,1567.2375,"Player Name:Michael Thomas, Position:WR, Bye:5.0","Player Name:Carson Wentz, Position:QB, Bye:10.0"
243,1612.66875,1,-48.24375,1564.425,"Player Name:Terrelle Pryor, Position:WR, Bye:5.0","Player Name:Golden Tate, Position:WR, Bye:7.0",1585.5,8,23.98125,1609.48125,"Player Name:Michael Thomas, Position:WR, Bye:5.0","Player Name:Carson Wentz, Position:QB, Bye:10.0"
244,1612.66875,1,-18.8875,1593.78125,"Player Name:Golden Tate, Position:WR, Bye:7.0","Player Name:Russell Wilson, Position:QB, Bye:6.0",1585.5,8,-19.9625,1565.5375,"Player Name:Michael Thomas, Position:WR, Bye:5.0","Player Name:Carson Wentz, Position:QB, Bye:10.0"
245,1612.66875,1,-48.24375,1564.425,"Player Name:Golden Tate, Position:WR, Bye:7.0","Player Name:Terrelle Pryor, Position:WR, Bye:5.0",1585.5,8,23.98125,1609.48125,"Player Name:Michael Thomas, Position:WR, Bye:5.0","Player Name:Carson Wentz, Position:QB, Bye:10.0"
246,1612.66875,1,-49.4125,1563.25625,"Player Name:Russell Wilson, Position:QB, Bye:6.0","Player Name:Terrelle Pryor, Position:WR, Bye:5.0",1585.5,8,-6.7375,1578.7625,"Player Name:Michael Thomas, Position:WR, Bye:5.0","Player Name:Brandin Cooks, Position:WR, Bye:9.0"
247,1612.66875,1,-48.6125,1564.05625,"Player Name:Russell Wilson, Position:QB, Bye:6.0","Player Name:Golden Tate, Position:WR, Bye:7.0",1585.5,8,-7.29375,1578.20625,"Player Name:Michael Thomas, Position:WR, Bye:5.0","Player Name:Brandin Cooks, Position:WR, Bye:9.0"
248,1612.66875,1,-49.4125,1563.25625,"Player Name:Terrelle Pryor, Position:WR, Bye:5.0","Player Name:Russell Wilson, Position:QB, Bye:6.0",1585.5,8,-6.7375,1578.7625,"Player Name:Michael Thomas, Position:WR, Bye:5.0","Player Name:Brandin Cooks, Position:WR, Bye:9.0"
249,1612.66875,1,-44.5,1568.16875,"Player Name:Terrelle Pryor, Position:WR, Bye:5.0","Player Name:Golden Tate, Position:WR, Bye:7.0",1585.5,8,43.6,1629.1,"Player Name:Michael Thomas, Position:WR, Bye:5.0","Player Name:Brandin Cooks, Position:WR, Bye:9.0"
250,1612.66875,1,-48.6125,1564.05625,"Player Name:Golden Tate, Position:WR, Bye:7.0","Player Name:Russell Wilson, Position:QB, Bye:6.0",1585.5,8,-7.29375,1578.20625,"Player Name:Michael Thomas, Position:WR, Bye:5.0","Player Name:Brandin Cooks, Position:WR, Bye:9.0"
251,1612.66875,1,-44.5,1568.16875,"Player Name:Golden Tate, Position:WR, Bye:7.0","Player Name:Terrelle Pryor, Position:WR, Bye:5.0",1585.5,8,43.6,1629.1,"Player Name:Michael Thomas, Position:WR, Bye:5.0","Player Name:Brandin Cooks, Position:WR, Bye:9.0"
252,1612.66875,1,-25.89375,1586.775,"Player Name:Jameis Winston, Position:QB, Bye:11.0","Player Name:Larry Fitzgerald, Position:WR, Bye:8.0",1565.575,9,-13.2125,1552.3625,"Player Name:Carson Wentz, Position:QB, Bye:10.0","Player Name:Brandin Cooks, Position:WR, Bye:9.0"
253,1612.66875,1,36.59375,1649.2625,"Player Name:Jameis Winston, Position:QB, Bye:11.0","Player Name:Julio Jones, Position:WR, Bye:5.0",1565.575,9,-82.3625,1483.2125,"Player Name:Carson Wentz, Position:QB, Bye:10.0","Player Name:Brandin Cooks, Position:WR, Bye:9.0"
254,1612.66875,1,-25.89375,1586.775,"Player Name:Larry Fitzgerald, Position:WR, Bye:8.0","Player Name:Jameis Winston, Position:QB, Bye:11.0",1565.575,9,-13.2125,1552.3625,"Player Name:Carson Wentz, Position:QB, Bye:10.0","Player Name:Brandin Cooks, Position:WR, Bye:9.0"
255,1612.66875,1,44.85625,1657.525,"Player Name:Larry Fitzgerald, Position:WR, Bye:8.0","Player Name:Julio Jones, Position:WR, Bye:5.0",1565.575,9,-63.93125,1501.64375,"Player Name:Carson Wentz, Position:QB, Bye:10.0","Player Name:Brandin Cooks, Position:WR, Bye:9.0"
256,1612.66875,1,36.59375,1649.2625,"Player Name:Julio Jones, Position:WR, Bye:5.0","Player Name:Jameis Winston, Position:QB, Bye:11.0",1565.575,9,-82.3625,1483.2125,"Player Name:Carson Wentz, Position:QB, Bye:10.0","Player Name:Brandin Cooks, Position:WR, Bye:9.0"
257,1612.66875,1,44.85625,1657.525,"Player Name:Julio Jones, Position:WR, Bye:5.0","Player Name:Larry Fitzgerald, Position:WR, Bye:8.0",1565.575,9,-63.93125,1501.64375,"Player Name:Carson Wentz, Position:QB, Bye:10.0","Player Name:Brandin Cooks, Position:WR, Bye:9.0"
258,1612.66875,1,-49.79375,1562.875,"Player Name:Jameis Winston, Position:QB, Bye:11.0","Player Name:Larry Fitzgerald, Position:WR, Bye:8.0",1565.575,9,9.4625,1575.0375,"Player Name:Carson Wentz, Position:QB, Bye:10.0","Player Name:Michael Thomas, Position:WR, Bye:5.0"
259,1612.66875,1,20.80625,1633.475,"Player Name:Jameis Winston, Position:QB, Bye:11.0","Player Name:Julio Jones, Position:WR, Bye:5.0",1565.575,9,-56.31875,1509.25625,"Player Name:Carson Wentz, Position:QB, Bye:10.0","Player Name:Michael Thomas, Position:WR, Bye:5.0"
260,1612.66875,1,-49.79375,1562.875,"Player Name:Larry Fitzgerald, Position:WR, Bye:8.0","Player Name:Jameis Winston, Position:QB, Bye:11.0",1565.575,9,9.4625,1575.0375,"Player Name:Carson Wentz, Position:QB, Bye:10.0","Player Name:Michael Thomas, Position:WR, Bye:5.0"
261,1612.66875,1,21.10625,1633.775,"Player Name:Larry Fitzgerald, Position:WR, Bye:8.0","Player Name:Julio Jones, Position:WR, Bye:5.0",1565.575,9,-39.8875,1525.6875,"Player Name:Carson Wentz, Position:QB, Bye:10.0","Player Name:Michael Thomas, Position:WR, Bye:5.0"
262,1612.66875,1,20.80625,1633.475,"Player Name:Julio Jones, Position:WR, Bye:5.0","Player Name:Jameis Winston, Position:QB, Bye:11.0",1565.575,9,-56.31875,1509.25625,"Player Name:Carson Wentz, Position:QB, Bye:10.0","Player Name:Michael Thomas, Position:WR, Bye:5.0"
263,1612.66875,1,21.10625,1633.775,"Player Name:Julio Jones, Position:WR, Bye:5.0","Player Name:Larry Fitzgerald, Position:WR, Bye:8.0",1565.575,9,-39.8875,1525.6875,"Player Name:Carson Wentz, Position:QB, Bye:10.0","Player Name:Michael Thomas, Position:WR, Bye:5.0"
264,1612.66875,1,-25.89375,1586.775,"Player Name:Jameis Winston, Position:QB, Bye:11.0","Player Name:Larry Fitzgerald, Position:WR, Bye:8.0",1565.575,9,-13.2125,1552.3625,"Player Name:Brandin Cooks, Position:WR, Bye:9.0","Player Name:Carson Wentz, Position:QB, Bye:10.0"
265,1612.66875,1,36.59375,1649.2625,"Player Name:Jameis Winston, Position:QB, Bye:11.0","Player Name:Julio Jones, Position:WR, Bye:5.0",1565.575,9,-82.3625,1483.2125,"Player Name:Brandin Cooks, Position:WR, Bye:9.0","Player Name:Carson Wentz, Position:QB, Bye:10.0"
266,1612.66875,1,-25.89375,1586.775,"Player Name:Larry Fitzgerald, Position:WR, Bye:8.0","Player Name:Jameis Winston, Position:QB, Bye:11.0",1565.575,9,-13.2125,1552.3625,"Player Name:Brandin Cooks, Position:WR, Bye:9.0","Player Name:Carson Wentz, Position:QB, Bye:10.0"
267,1612.66875,1,44.85625,1657.525,"Player Name:Larry Fitzgerald, Position:WR, Bye:8.0","Player Name:Julio Jones, Position:WR, Bye:5.0",1565.575,9,-63.93125,1501.64375,"Player Name:Brandin Cooks, Position:WR, Bye:9.0","Player Name:Carson Wentz, Position:QB, Bye:10.0"
268,1612.66875,1,36.59375,1649.2625,"Player Name:Julio Jones, Position:WR, Bye:5.0","Player Name:Jameis Winston, Position:QB, Bye:11.0",1565.575,9,-82.3625,1483.2125,"Player Name:Brandin Cooks, Position:WR, Bye:9.0","Player Name:Carson Wentz, Position:QB, Bye:10.0"
269,1612.66875,1,44.85625,1657.525,"Player Name:Julio Jones, Position:WR, Bye:5.0","Player Name:Larry Fitzgerald, Position:WR, Bye:8.0",1565.575,9,-63.93125,1501.64375,"Player Name:Brandin Cooks, Position:WR, Bye:9.0","Player Name:Carson Wentz, Position:QB, Bye:10.0"
270,1612.66875,1,-64.725,1547.94375,"Player Name:Jameis Winston, Position:QB, Bye:11.0","Player Name:Larry Fitzgerald, Position:WR, Bye:8.0",1565.575,9,-1.18125,1564.39375,"Player Name:Brandin Cooks, Position:WR, Bye:9.0","Player Name:Michael Thomas, Position:WR, Bye:5.0"
271,1612.66875,1,5.875,1618.54375,"Player Name:Jameis Winston, Position:QB, Bye:11.0","Player Name:Julio Jones, Position:WR, Bye:5.0",1565.575,9,-61.4625,1504.1125,"Player Name:Brandin Cooks, Position:WR, Bye:9.0","Player Name:Michael Thomas, Position:WR, Bye:5.0"
272,1612.66875,1,-64.725,1547.94375,"Player Name:Larry Fitzgerald, Position:WR, Bye:8.0","Player Name:Jameis Winston, Position:QB, Bye:11.0",1565.575,9,-1.18125,1564.39375,"Player Name:Brandin Cooks, Position:WR, Bye:9.0","Player Name:Michael Thomas, Position:WR, Bye:5.0"
273,1612.66875,1,24.5,1637.16875,"Player Name:Larry Fitzgerald, Position:WR, Bye:8.0","Player Name:Julio Jones, Position:WR, Bye:5.0",1565.575,9,-28.09375,1537.48125,"Player Name:Brandin Cooks, Position:WR, Bye:9.0","Player Name:Michael Thomas, Position:WR, Bye:5.0"
274,1612.66875,1,5.875,1618.54375,"Player Name:Julio Jones, Position:WR, Bye:5.0","Player Name:Jameis Winston, Position:QB, Bye:11.0",1565.575,9,-61.4625,1504.1125,"Player Name:Brandin Cooks, Position:WR, Bye:9.0","Player Name:Michael Thomas, Position:WR, Bye:5.0"
275,1612.66875,1,24.5,1637.16875,"Player Name:Julio Jones, Position:WR, Bye:5.0","Player Name:Larry Fitzgerald, Position:WR, Bye:8.0",1565.575,9,-28.09375,1537.48125,"Player Name:Brandin Cooks, Position:WR, Bye:9.0","Player Name:Michael Thomas, Position:WR, Bye:5.0"
276,1612.66875,1,-49.79375,1562.875,"Player Name:Jameis Winston, Position:QB, Bye:11.0","Player Name:Larry Fitzgerald, Position:WR, Bye:8.0",1565.575,9,9.4625,1575.0375,"Player Name:Michael Thomas, Position:WR, Bye:5.0","Player Name:Carson Wentz, Position:QB, Bye:10.0"
277,1612.66875,1,20.80625,1633.475,"Player Name:Jameis Winston, Position:QB, Bye:11.0","Player Name:Julio Jones, Position:WR, Bye:5.0",1565.575,9,-56.31875,1509.25625,"Player Name:Michael Thomas, Position:WR, Bye:5.0","Player Name:Carson Wentz, Position:QB, Bye:10.0"
278,1612.66875,1,-49.79375,1562.875,"Player Name:Larry Fitzgerald, Position:WR, Bye:8.0","Player Name:Jameis Winston, Position:QB, Bye:11.0",1565.575,9,9.4625,1575.0375,"Player Name:Michael Thomas, Position:WR, Bye:5.0","Player Name:Carson Wentz, Position:QB, Bye:10.0"
279,1612.66875,1,21.10625,1633.775,"Player Name:Larry Fitzgerald, Position:WR, Bye:8.0","Player Name:Julio Jones, Position:WR, Bye:5.0",1565.575,9,-39.8875,1525.6875,"Player Name:Michael Thomas, Position:WR, Bye:5.0","Player Name:Carson Wentz, Position:QB, Bye:10.0"
280,1612.66875,1,20.80625,1633.475,"Player Name:Julio Jones, Position:WR, Bye:5.0","Player Name:Jameis Winston, Position:QB, Bye:11.0",1565.575,9,-56.31875,1509.25625,"Player Name:Michael Thomas, Position:WR, Bye:5.0","Player Name:Carson Wentz, Position:QB, Bye:10.0"
281,1612.66875,1,21.10625,1633.775,"Player Name:Julio Jones, Position:WR, Bye:5.0","Player Name:Larry Fitzgerald, Position:WR, Bye:8.0",1565.575,9,-39.8875,1525.6875,"Player Name:Michael Thomas, Position:WR, Bye:5.0","Player Name:Carson Wentz, Position:QB, Bye:10.0"
282,1612.66875,1,-64.725,1547.94375,"Player Name:Jameis Winston, Position:QB, Bye:11.0","Player Name:Larry Fitzgerald, Position:WR, Bye:8.0",1565.575,9,-1.18125,1564.39375,"Player Name:Michael Thomas, Position:WR, Bye:5.0","Player Name:Brandin Cooks, Position:WR, Bye:9.0"
283,1612.66875,1,5.875,1618.54375,"Player Name:Jameis Winston, Position:QB, Bye:11.0","Player Name:Julio Jones, Position:WR, Bye:5.0",1565.575,9,-61.4625,1504.1125,"Player Name:Michael Thomas, Position:WR, Bye:5.0","Player Name:Brandin Cooks, Position:WR, Bye:9.0"
284,1612.66875,1,-64.725,1547.94375,"Player Name:Larry Fitzgerald, Position:WR, Bye:8.0","Player Name:Jameis Winston, Position:QB, Bye:11.0",1565.575,9,-1.18125,1564.39375,"Player Name:Michael Thomas, Position:WR, Bye:5.0","Player Name:Brandin Cooks, Position:WR, Bye:9.0"
285,1612.66875,1,24.5,1637.16875,"Player Name:Larry Fitzgerald, Position:WR, Bye:8.0","Player Name:Julio Jones, Position:WR, Bye:5.0",1565.575,9,-28.09375,1537.48125,"Player Name:Michael Thomas, Position:WR, Bye:5.0","Player Name:Brandin Cooks, Position:WR, Bye:9.0"
286,1612.66875,1,5.875,1618.54375,"Player Name:Julio Jones, Position:WR, Bye:5.0","Player Name:Jameis Winston, Position:QB, Bye:11.0",1565.575,9,-61.4625,1504.1125,"Player Name:Michael Thomas, Position:WR, Bye:5.0","Player Name:Brandin Cooks, Position:WR, Bye:9.0"
287,1612.66875,1,24.5,1637.16875,"Player Name:Julio Jones, Position:WR, Bye:5.0","Player Name:Larry Fitzgerald, Position:WR, Bye:8.0",1565.575,9,-28.09375,1537.48125,"Player Name:Michael Thomas, Position:WR, Bye:5.0","Player Name:Brandin Cooks, Position:WR, Bye:9.0"
288,1612.66875,1,-11.70625,1600.9625,"Player Name:Dak Prescott, Position:QB, Bye:6.0","Player Name:Alshon Jeffery, Position:WR, Bye:10.0",1390.58125,10,-23.7625,1366.81875,"Player Name:Carson Wentz, Position:QB, Bye:10.0","Player Name:Brandin Cooks, Position:WR, Bye:9.0"
289,1612.66875,1,-14.45625,1598.2125,"Player Name:Dak Prescott, Position:QB, Bye:6.0","Player Name:Adam Thielen, Position:WR, Bye:9.0",1390.58125,10,8.56875,1399.15,"Player Name:Carson Wentz, Position:QB, Bye:10.0","Player Name:Brandin Cooks, Position:WR, Bye:9.0"
290,1612.66875,1,-11.70625,1600.9625,"Player Name:Alshon Jeffery, Position:WR, Bye:10.0","Player Name:Dak Prescott, Position:QB, Bye:6.0",1390.58125,10,-23.7625,1366.81875,"Player Name:Carson Wentz, Position:QB, Bye:10.0","Player Name:Brandin Cooks, Position:WR, Bye:9.0"
291,1612.66875,1,-21.875,1590.79375,"Player Name:Alshon Jeffery, Position:WR, Bye:10.0","Player Name:Adam Thielen, Position:WR, Bye:9.0",1390.58125,10,-2.15625,1388.425,"Player Name:Carson Wentz, Position:QB, Bye:10.0","Player Name:Brandin Cooks, Position:WR, Bye:9.0"
292,1612.66875,1,-14.45625,1598.2125,"Player Name:Adam Thielen, Position:WR, Bye:9.0","Player Name:Dak Prescott, Position:QB, Bye:6.0",1390.58125,10,8.56875,1399.15,"Player Name:Carson Wentz, Position:QB, Bye:10.0","Player Name:Brandin Cooks, Position:WR, Bye:9.0"
293,1612.66875,1,-21.875,1590.79375,"Player Name:Adam Thielen, Position:WR, Bye:9.0","Player Name:Alshon Jeffery, Position:WR, Bye:10.0",1390.58125,10,-2.15625,1388.425,"Player Name:Carson Wentz, Position:QB, Bye:10.0","Player Name:Brandin Cooks, Position:WR, Bye:9.0"
294,1612.66875,1,-35.60625,1577.0625,"Player Name:Dak Prescott, Position:QB, Bye:6.0","Player Name:Alshon Jeffery, Position:WR, Bye:10.0",1390.58125,10,0.40625,1390.9875,"Player Name:Carson Wentz, Position:QB, Bye:10.0","Player Name:Michael Thomas, Position:WR, Bye:5.0"
295,1612.66875,1,-44.9875,1567.68125,"Player Name:Dak Prescott, Position:QB, Bye:6.0","Player Name:Adam Thielen, Position:WR, Bye:9.0",1390.58125,10,32.46875,1423.05,"Player Name:Carson Wentz, Position:QB, Bye:10.0","Player Name:Michael Thomas, Position:WR, Bye:5.0"
296,1612.66875,1,-35.60625,1577.0625,"Player Name:Alshon Jeffery, Position:WR, Bye:10.0","Player Name:Dak Prescott, Position:QB, Bye:6.0",1390.58125,10,0.40625,1390.9875,"Player Name:Carson Wentz, Position:QB, Bye:10.0","Player Name:Michael Thomas, Position:WR, Bye:5.0"
297,1612.66875,1,-45.775,1566.89375,"Player Name:Alshon Jeffery, Position:WR, Bye:10.0","Player Name:Adam Thielen, Position:WR, Bye:9.0",1390.58125,10,21.74375,1412.325,"Player Name:Carson Wentz, Position:QB, Bye:10.0","Player Name:Michael Thomas, Position:WR, Bye:5.0"
298,1612.66875,1,-44.9875,1567.68125,"Player Name:Adam Thielen, Position:WR, Bye:9.0","Player Name:Dak Prescott, Position:QB, Bye:6.0",1390.58125,10,32.46875,1423.05,"Player Name:Carson Wentz, Position:QB, Bye:10.0","Player Name:Michael Thomas, Position:WR, Bye:5.0"
299,1612.66875,1,-45.775,1566.89375,"Player Name:Adam Thielen, Position:WR, Bye:9.0","Player Name:Alshon Jeffery, Position:WR, Bye:10.0",1390.58125,10,21.74375,1412.325,"Player Name:Carson Wentz, Position:QB, Bye:10.0","Player Name:Michael Thomas, Position:WR, Bye:5.0"
300,1612.66875,1,-11.70625,1600.9625,"Player Name:Dak Prescott, Position:QB, Bye:6.0","Player Name:Alshon Jeffery, Position:WR, Bye:10.0",1390.58125,10,-23.7625,1366.81875,"Player Name:Brandin Cooks, Position:WR, Bye:9.0","Player Name:Carson Wentz, Position:QB, Bye:10.0"
301,1612.66875,1,-14.45625,1598.2125,"Player Name:Dak Prescott, Position:QB, Bye:6.0","Player Name:Adam Thielen, Position:WR, Bye:9.0",1390.58125,10,8.56875,1399.15,"Player Name:Brandin Cooks, Position:WR, Bye:9.0","Player Name:Carson Wentz, Position:QB, Bye:10.0"
302,1612.66875,1,-11.70625,1600.9625,"Player Name:Alshon Jeffery, Position:WR, Bye:10.0","Player Name:Dak Prescott, Position:QB, Bye:6.0",1390.58125,10,-23.7625,1366.81875,"Player Name:Brandin Cooks, Position:WR, Bye:9.0","Player Name:Carson Wentz, Position:QB, Bye:10.0"
303,1612.66875,1,-21.875,1590.79375,"Player Name:Alshon Jeffery, Position:WR, Bye:10.0","Player Name:Adam Thielen, Position:WR, Bye:9.0",1390.58125,10,-2.15625,1388.425,"Player Name:Brandin Cooks, Position:WR, Bye:9.0","Player Name:Carson Wentz, Position:QB, Bye:10.0"
304,1612.66875,1,-14.45625,1598.2125,"Player Name:Adam Thielen, Position:WR, Bye:9.0","Player Name:Dak Prescott, Position:QB, Bye:6.0",1390.58125,10,8.56875,1399.15,"Player Name:Brandin Cooks, Position:WR, Bye:9.0","Player Name:Carson Wentz, Position:QB, Bye:10.0"
305,1612.66875,1,-21.875,1590.79375,"Player Name:Adam Thielen, Position:WR, Bye:9.0","Player Name:Alshon Jeffery, Position:WR, Bye:10.0",1390.58125,10,-2.15625,1388.425,"Player Name:Brandin Cooks, Position:WR, Bye:9.0","Player Name:Carson Wentz, Position:QB, Bye:10.0"
306,1612.66875,1,-57.21875,1555.45,"Player Name:Dak Prescott, Position:QB, Bye:6.0","Player Name:Alshon Jeffery, Position:WR, Bye:10.0",1390.58125,10,24.0375,1414.61875,"Player Name:Brandin Cooks, Position:WR, Bye:9.0","Player Name:Michael Thomas, Position:WR, Bye:5.0"
307,1612.66875,1,-88.81875,1523.85,"Player Name:Dak Prescott, Position:QB, Bye:6.0","Player Name:Adam Thielen, Position:WR, Bye:9.0",1390.58125,10,38.0375,1428.61875,"Player Name:Brandin Cooks, Position:WR, Bye:9.0","Player Name:Michael Thomas, Position:WR, Bye:5.0"
308,1612.66875,1,-57.21875,1555.45,"Player Name:Alshon Jeffery, Position:WR, Bye:10.0","Player Name:Dak Prescott, Position:QB, Bye:6.0",1390.58125,10,24.0375,1414.61875,"Player Name:Brandin Cooks, Position:WR, Bye:9.0","Player Name:Michael Thomas, Position:WR, Bye:5.0"
309,1612.66875,1,-52.59375,1560.075,"Player Name:Alshon Jeffery, Position:WR, Bye:10.0","Player Name:Adam Thielen, Position:WR, Bye:9.0",1390.58125,10,66.2375,1456.81875,"Player Name:Brandin Cooks, Position:WR, Bye:9.0","Player Name:Michael Thomas, Position:WR, Bye:5.0"
310,1612.66875,1,-88.81875,1523.85,"Player Name:Adam Thielen, Position:WR, Bye:9.0","Player Name:Dak Prescott, Position:QB, Bye:6.0",1390.58125,10,38.0375,1428.61875,"Player Name:Brandin Cooks, Position:WR, Bye:9.0","Player Name:Michael Thomas, Position:WR, Bye:5.0"
311,1612.66875,1,-52.59375,1560.075,"Player Name:Adam Thielen, Position:WR, Bye:9.0","Player Name:Alshon Jeffery, Position:WR, Bye:10.0",1390.58125,10,66.2375,1456.81875,"Player Name:Brandin Cooks, Position:WR, Bye:9.0","Player Name:Michael Thomas, Position:WR, Bye:5.0"
312,1612.66875,1,-35.60625,1577.0625,"Player Name:Dak Prescott, Position:QB, Bye:6.0","Player Name:Alshon Jeffery, Position:WR, Bye:10.0",1390.58125,10,0.40625,1390.9875,"Player Name:Michael Thomas, Position:WR, Bye:5.0","Player Name:Carson Wentz, Position:QB, Bye:10.0"
313,1612.66875,1,-44.9875,1567.68125,"Player Name:Dak Prescott, Position:QB, Bye:6.0","Player Name:Adam Thielen, Position:WR, Bye:9.0",1390.58125,10,32.46875,1423.05,"Player Name:Michael Thomas, Position:WR, Bye:5.0","Player Name:Carson Wentz, Position:QB, Bye:10.0"
314,1612.66875,1,-35.60625,1577.0625,"Player Name:Alshon Jeffery, Position:WR, Bye:10.0","Player Name:Dak Prescott, Position:QB, Bye:6.0",1390.58125,10,0.40625,1390.9875,"Player Name:Michael Thomas, Position:WR, Bye:5.0","Player Name:Carson Wentz, Position:QB, Bye:10.0"
315,1612.66875,1,-45.775,1566.89375,"Player Name:Alshon Jeffery, Position:WR, Bye:10.0","Player Name:Adam Thielen, Position:WR, Bye:9.0",1390.58125,10,21.74375,1412.325,"Player Name:Michael Thomas, Position:WR, Bye:5.0","Player Name:Carson Wentz, Position:QB, Bye:10.0"
316,1612.66875,1,-44.9875,1567.68125,"Player Name:Adam Thielen, Position:WR, Bye:9.0","Player Name:Dak Prescott, Position:QB, Bye:6.0",1390.58125,10,32.46875,1423.05,"Player Name:Michael Thomas, Position:WR, Bye:5.0","Player Name:Carson Wentz, Position:QB, Bye:10.0"
317,1612.66875,1,-45.775,1566.89375,"Player Name:Adam Thielen, Position:WR, Bye:9.0","Player Name:Alshon Jeffery, Position:WR, Bye:10.0",1390.58125,10,21.74375,1412.325,"Player Name:Michael Thomas, Position:WR, Bye:5.0","Player Name:Carson Wentz, Position:QB, Bye:10.0"
318,1612.66875,1,-57.21875,1555.45,"Player Name:Dak Prescott, Position:QB, Bye:6.0","Player Name:Alshon Jeffery, Position:WR, Bye:10.0",1390.58125,10,24.0375,1414.61875,"Player Name:Michael Thomas, Position:WR, Bye:5.0","Player Name:Brandin Cooks, Position:WR, Bye:9.0"
319,1612.66875,1,-88.81875,1523.85,"Player Name:Dak Prescott, Position:QB, Bye:6.0","Player Name:Adam Thielen, Position:WR, Bye:9.0",1390.58125,10,38.0375,1428.61875,"Player Name:Michael Thomas, Position:WR, Bye:5.0","Player Name:Brandin Cooks, Position:WR, Bye:9.0"
320,1612.66875,1,-57.21875,1555.45,"Player Name:Alshon Jeffery, Position:WR, Bye:10.0","Player Name:Dak Prescott, Position:QB, Bye:6.0",1390.58125,10,24.0375,1414.61875,"Player Name:Michael Thomas, Position:WR, Bye:5.0","Player Name:Brandin Cooks, Position:WR, Bye:9.0"
321,1612.66875,1,-52.59375,1560.075,"Player Name:Alshon Jeffery, Position:WR, Bye:10.0","Player Name:Adam Thielen, Position:WR, Bye:9.0",1390.58125,10,66.2375,1456.81875,"Player Name:Michael Thomas, Position:WR, Bye:5.0","Player Name:Brandin Cooks, Position:WR, Bye:9.0"
322,1612.66875,1,-88.81875,1523.85,"Player Name:Adam Thielen, Position:WR, Bye:9.0","Player Name:Dak Prescott, Position:QB, Bye:6.0",1390.58125,10,38.0375,1428.61875,"Player Name:Michael Thomas, Position:WR, Bye:5.0","Player Name:Brandin Cooks, Position:WR, Bye:9.0"
323,1612.66875,1,-52.59375,1560.075,"Player Name:Adam Thielen, Position:WR, Bye:9.0","Player Name:Alshon Jeffery, Position:WR, Bye:10.0",1390.58125,10,66.2375,1456.81875,"Player Name:Michael Thomas, Position:WR, Bye:5.0","Player Name:Brandin Cooks, Position:WR, Bye:9.0"
